Id,League,Date,Time,Round,Home,Away,posicao_home,posicao_away,FT_Odd_H,FT_Odd_D,FT_Odd_A,FT_Odd_Over25,FT_Odd_Under25,FT_Odd_BTTS_Yes,FT_Odd_BTTS_No,Media_GM_H,Media_GS_H,Media_GM_H_10,Media_GS_H_10,Media_Total_2HT_H,CV_Media_Total_2HT_H,PPJ_H,CV_Pontos_H,Porc_Over05HT_Home,Porc_Over15HT_Home,Porc_Under05HT_Home,Porc_Home_Win,Porc_Home_Win_HT,Porc_Over25FT_Home,Porc_BTTS_Home,Diferente_0x0_Home,Media_GM_A,Media_GS_A,Media_GM_A_10,Media_GS_A_10,Media_Total_2HT_A,CV_Media_Total_2HT_A,PPJ_A,CV_Pontos_A,Porc_Over05HT_Away,Porc_Over15HT_Away,Porc_Under05HT_Away,Porc_Away_Win,Porc_Away_Win_HT,Porc_Over25FT_Away,Porc_BTTS_Away,Diferente_0x0_Away,xg_home,xg_away,xg_jogo
rHiFR4Ta,SUÉCIA - ALLSVENSKAN,2024-04-06,14:00,RODADA 2,Brommapojkarna,AIK Stockholm,4.0,11.0,,,,,,,,1.4,1.4,1.5,1.3,1.3,0.11,1.7,0.83,70.0,50.0,30.0,50.0,30.0,70.0,60.0,90.0,0.4,2.0,0.9,2.0,1.2,0.15,0.5,1.94,80.0,60.0,20.0,10.0,10.0,60.0,70.0,100.0,1.67,0.75,2.42
pMPlBqqJ,SUÉCIA - ALLSVENSKAN,2024-04-06,14:00,RODADA 2,Djurgarden,Hacken,9.0,1.0,,,,,,,,1.4,0.2,1.4,0.9,1.0,0.35,2.0,0.67,60.0,30.0,40.0,60.0,30.0,40.0,30.0,90.0,1.2,1.6,1.3,1.6,2.0,0.16,0.8,1.54,70.0,10.0,30.0,20.0,20.0,60.0,60.0,100.0,1.5,0.49,1.99
jNShWwQq,ÁUSTRIA - BUNDESLIGA,2024-02-10,13:00,RODADA 18,Altach,BW Linz,10.0,9.0,2.24,3.37,2.81,,,,,1.2,0.4,1.0,0.86,1.14,0.43,1.43,1.06,42.86,14.29,57.14,42.86,28.57,42.86,28.57,85.71,0.4,2.2,1.14,2.29,1.86,0.15,0.86,1.71,71.43,57.14,28.57,28.57,28.57,57.14,42.86,100.0,1.62,0.4,2.02
lEtRzKHS,ÁUSTRIA - BUNDESLIGA,2024-02-10,13:00,RODADA 18,Austria Vienna,Hartberg,8.0,4.0,1.97,3.75,3.36,,,,,1.0,0.0,1.0,0.29,0.71,0.21,1.57,0.62,28.57,28.57,71.43,28.57,14.29,28.57,14.29,42.86,1.4,1.6,1.57,1.29,1.57,0.25,1.29,0.97,57.14,42.86,42.86,28.57,28.57,57.14,57.14,85.71,1.26,0.0,1.26
84YIxtmG,ÁUSTRIA - BUNDESLIGA,2024-02-10,13:00,RODADA 18,LASK,A. Klagenfurt,3.0,5.0,1.6,4.1,4.86,,,,,1.2,0.0,1.57,0.14,1.0,0.39,2.71,0.28,57.14,14.29,42.86,85.71,57.14,14.29,14.29,85.71,2.0,0.6,1.71,1.29,1.86,0.15,2.0,0.65,85.71,28.57,14.29,57.14,42.86,71.43,42.86,85.71,0.85,0.0,0.85
EsZEwMX9,ÁUSTRIA - BUNDESLIGA,2024-02-10,13:00,RODADA 18,Red Bull Salzburg,Sturm Graz,1.0,2.0,1.75,3.95,3.99,,,,,1.6,0.8,1.57,0.57,1.29,0.38,2.14,0.68,57.14,28.57,42.86,71.43,28.57,28.57,14.29,100.0,1.6,1.0,1.57,1.0,1.29,0.17,2.0,0.65,85.71,42.86,14.29,57.14,28.57,57.14,71.43,100.0,1.26,1.13,2.39
KdXdVcuj,ÁUSTRIA - BUNDESLIGA,2024-02-10,13:00,RODADA 18,Tirol,A. Lustenau,11.0,12.0,1.93,3.65,3.56,,,,,1.8,1.8,1.57,2.14,2.29,0.09,0.57,1.98,85.71,28.57,14.29,14.29,28.57,57.14,71.43,100.0,0.2,1.4,0.14,1.43,1.29,0.18,0.29,1.71,28.57,0.0,71.43,0.0,0.0,14.29,14.29,85.71,1.59,0.6,2.19
6kiMy02M,ÁUSTRIA - BUNDESLIGA,2024-02-10,13:00,RODADA 18,Wolfsberger,Rapid Vienna,7.0,6.0,3.36,3.75,1.97,,,,,1.2,1.2,1.43,1.29,1.71,0.09,1.43,1.06,85.71,14.29,14.29,42.86,71.43,71.43,57.14,100.0,2.8,0.4,2.0,0.57,1.43,0.4,1.86,0.79,57.14,42.86,42.86,57.14,28.57,42.86,14.29,85.71,0.69,1.83,2.52
lpunGGW4,PAÍSES BAIXOS - EREDIVISIE,2024-01-12,16:00,RODADA 17,Waalwijk,Heracles,15.0,14.0,,,,,,,,1.2,2.0,1.14,2.29,2.0,0.23,0.57,1.98,100.0,28.57,0.0,14.29,42.86,85.71,71.43,100.0,1.8,1.8,1.43,2.43,2.29,0.21,0.71,1.56,85.71,42.86,14.29,14.29,14.29,71.43,57.14,100.0,1.47,1.9,3.37
SzvjFznB,PAÍSES BAIXOS - EREDIVISIE,2024-01-13,12:30,RODADA 17,Sittard,Sparta Rotterdam,10.0,7.0,,,,,,,,2.0,1.2,1.86,1.0,1.29,0.14,2.29,0.55,71.43,42.86,28.57,71.43,42.86,71.43,57.14,85.71,1.4,1.2,1.29,1.14,1.29,0.14,1.43,1.06,57.14,42.86,42.86,42.86,28.57,57.14,57.14,85.71,1.55,1.3,2.85
h6sJLnQh,ITÁLIA - SERIE A,2023-12-16,11:00,RODADA 16,Lecce,Frosinone,13.0,12.0,2.15,3.3,3.5,2.05,1.75,1.8,1.95,1.2,1.0,1.29,0.86,1.29,0.07,1.71,0.73,71.43,14.29,28.57,42.86,14.29,28.57,57.14,100.0,0.6,1.6,0.5,1.67,1.17,0.33,0.33,1.55,83.33,16.67,16.67,0.0,16.67,33.33,50.0,83.33,1.39,0.77,2.16
4YbvFY9m,PORTUGAL - LIGA PORTUGAL 2,2023-12-16,11:00,RODADA 14,Penafiel,Leiria,17.0,9.0,3.1,3.1,2.38,2.25,1.62,1.83,1.83,1.4,1.6,1.4,1.6,1.6,0.33,1.4,1.08,80.0,20.0,20.0,40.0,40.0,60.0,40.0,80.0,1.2,1.4,1.0,1.33,1.17,0.12,0.67,1.82,66.67,33.33,33.33,16.67,16.67,50.0,16.67,83.33,1.4,1.39,2.79
feV2m97M,ALEMANHA - BUNDESLIGA,2023-12-16,11:30,RODADA 15,Augsburg,Dortmund,10.0,5.0,3.0,4.0,2.1,1.5,2.63,1.44,2.63,2.0,1.8,2.0,1.83,1.67,0.1,1.5,0.82,83.33,50.0,16.67,33.33,33.33,83.33,100.0,100.0,2.0,1.4,2.0,1.4,1.4,0.25,1.6,0.84,100.0,60.0,0.0,40.0,40.0,60.0,100.0,100.0,1.67,1.9,3.57
G4WblkhG,ALEMANHA - BUNDESLIGA,2023-12-16,11:30,RODADA 15,Bochum,Union Berlin,14.0,15.0,2.55,3.4,2.7,2.0,1.8,1.8,1.95,1.6,1.2,1.6,1.2,1.6,0.11,1.4,0.64,80.0,20.0,20.0,20.0,80.0,40.0,100.0,100.0,1.4,2.6,1.4,2.6,1.6,0.41,0.6,2.24,100.0,60.0,0.0,20.0,40.0,80.0,60.0,100.0,2.04,1.3,3.34
OUZ6nTMS,ALEMANHA - BUNDESLIGA,2023-12-16,11:30,RODADA 15,Darmstadt,Wolfsburg,18.0,11.0,3.25,3.6,2.1,1.8,2.0,1.67,2.1,1.0,1.8,1.5,1.83,1.67,0.25,0.83,1.4,66.67,66.67,33.33,16.67,33.33,66.67,66.67,83.33,0.8,2.4,0.83,2.5,2.0,0.12,0.5,2.45,66.67,50.0,33.33,16.67,16.67,83.33,66.67,100.0,1.55,1.2,2.75
KxwjjBN3,ALEMANHA - BUNDESLIGA,2023-12-16,11:30,RODADA 15,Mainz,Heidenheim,17.0,13.0,1.65,4.2,4.75,1.73,2.1,1.7,2.05,1.0,1.6,1.0,1.6,1.8,0.23,0.8,1.63,40.0,20.0,60.0,20.0,20.0,40.0,60.0,100.0,0.8,2.8,1.0,2.67,1.83,0.2,0.17,2.45,100.0,66.67,0.0,0.0,0.0,66.67,66.67,100.0,1.67,1.13,2.8
INVUEuC0,ARÁBIA SAUDITA - LIGA PROFISSIONAL SAUDITA,2023-12-16,12:00,RODADA 17,Al-Riyadh,Al-Khaleej,,,3.25,3.3,2.1,2.03,1.78,1.83,1.83,0.8,1.6,0.86,1.57,1.29,0.23,1.14,1.18,85.71,14.29,14.29,28.57,42.86,42.86,42.86,100.0,0.8,1.6,1.0,1.57,1.29,0.17,1.0,1.41,85.71,42.86,14.29,28.57,14.29,42.86,57.14,100.0,1.13,1.13,2.26
zkobxEe6,INGLATERRA - PREMIER LEAGUE,2023-12-16,12:00,RODADA 17,Bournemouth,Luton,14.0,18.0,1.45,4.75,6.5,1.65,2.2,1.8,1.95,0.8,1.2,1.14,1.14,1.43,0.18,1.29,0.97,57.14,28.57,42.86,28.57,14.29,42.86,57.14,85.71,0.8,2.6,0.71,2.43,2.71,0.08,0.14,2.65,42.86,0.0,57.14,0.0,0.0,71.43,57.14,100.0,1.44,0.98,2.42
OCxGRHbo,INGLATERRA - PREMIER LEAGUE,2023-12-16,12:00,RODADA 17,Chelsea,Sheffield Utd,12.0,20.0,1.22,7.0,12.0,1.4,2.88,1.95,1.8,2.0,1.6,1.86,1.57,1.86,0.17,1.29,0.97,71.43,42.86,28.57,28.57,42.86,57.14,57.14,100.0,0.8,2.6,0.67,3.0,2.83,0.15,0.17,2.45,66.67,16.67,33.33,0.0,0.0,83.33,66.67,100.0,2.28,1.13,3.41
dvjNPeTc,INGLATERRA - PREMIER LEAGUE,2023-12-16,12:00,RODADA 17,Manchester City,Crystal Palace,4.0,15.0,1.18,7.5,13.0,1.62,2.25,2.5,1.5,2.8,1.0,3.17,1.0,1.83,0.28,2.67,0.31,100.0,83.33,0.0,83.33,100.0,66.67,66.67,100.0,0.8,2.0,1.0,1.57,1.71,0.24,1.14,1.18,57.14,14.29,42.86,28.57,14.29,42.86,57.14,100.0,2.37,0.89,3.26
zVlROFr4,INGLATERRA - PREMIER LEAGUE,2023-12-16,12:00,RODADA 17,Newcastle,Fulham,7.0,10.0,1.8,4.0,4.0,1.73,2.08,1.7,2.05,3.0,0.8,2.43,0.57,1.71,0.16,2.57,0.44,57.14,42.86,42.86,85.71,42.86,57.14,42.86,100.0,0.8,1.4,1.14,2.29,1.86,0.28,0.71,1.56,71.43,42.86,28.57,14.29,14.29,57.14,57.14,85.71,2.05,0.8,2.85
jRYRUdMp,BÉLGICA - LIGA JUPILER,2023-12-16,12:00,RODADA 18,Leuven,Cercle Brugge,15.0,7.0,4.2,4.0,1.73,1.53,2.4,1.57,2.25,1.4,1.0,1.43,1.0,1.14,0.3,1.14,1.18,85.71,42.86,14.29,28.57,28.57,42.86,42.86,100.0,1.4,0.8,1.14,0.86,1.29,0.3,1.43,1.06,28.57,28.57,71.43,42.86,0.0,42.86,42.86,85.71,1.06,1.18,2.24
M9ZqpKhJ,INGLATERRA - CHAMPIONSHIP,2023-12-16,12:00,RODADA 22,Bristol City,Sunderland,15.0,6.0,3.1,3.4,2.25,2.05,1.8,1.8,1.91,1.6,1.2,1.22,1.0,1.11,0.25,1.56,0.92,66.67,22.22,33.33,44.44,44.44,33.33,44.44,88.89,0.8,1.2,1.0,1.11,0.67,0.29,1.0,1.22,77.78,55.56,22.22,22.22,11.11,44.44,55.56,77.78,1.39,0.98,2.37
lj6gOcmc,INGLATERRA - CHAMPIONSHIP,2023-12-16,12:00,RODADA 22,Hull,Cardiff,7.0,10.0,1.7,3.6,5.25,2.05,1.75,2.0,1.73,1.4,0.8,1.56,1.0,1.33,0.25,1.67,0.79,66.67,44.44,33.33,44.44,22.22,44.44,66.67,88.89,1.6,1.0,1.11,1.33,1.33,0.2,0.89,1.43,55.56,44.44,44.44,22.22,33.33,44.44,33.33,88.89,1.18,1.13,2.31
xIHW7NpQ,INGLATERRA - CHAMPIONSHIP,2023-12-16,12:00,RODADA 22,Leeds,Coventry,3.0,14.0,1.5,4.5,6.0,1.5,2.5,1.62,2.2,2.4,0.8,2.0,0.89,1.11,0.38,2.33,0.43,66.67,55.56,33.33,66.67,44.44,66.67,66.67,88.89,1.2,1.4,1.22,1.67,1.56,0.14,0.56,1.82,77.78,44.44,22.22,11.11,22.22,55.56,66.67,100.0,1.83,0.98,2.81
fc4b3sgs,INGLATERRA - CHAMPIONSHIP,2023-12-16,12:00,RODADA 22,Millwall,Huddersfield,20.0,21.0,1.7,3.75,5.25,2.15,1.67,2.1,1.67,1.0,1.6,0.89,1.44,1.22,0.14,0.89,1.43,77.78,22.22,22.22,22.22,33.33,55.56,33.33,100.0,0.6,1.4,0.89,1.78,1.44,0.16,0.78,1.25,66.67,33.33,33.33,11.11,22.22,44.44,77.78,88.89,1.18,0.98,2.16
Ym32218m,INGLATERRA - CHAMPIONSHIP,2023-12-16,12:00,RODADA 22,Plymouth,Rotherham,18.0,24.0,1.7,4.0,4.75,1.7,2.1,1.67,2.1,2.8,1.6,2.44,1.56,2.33,0.15,1.78,0.83,77.78,55.56,22.22,55.56,55.56,88.89,66.67,100.0,0.4,2.6,0.44,2.56,1.33,0.16,0.22,1.98,88.89,55.56,11.11,0.0,0.0,55.56,44.44,88.89,2.7,0.8,3.5
0AZb1LNg,INGLATERRA - CHAMPIONSHIP,2023-12-16,12:00,RODADA 22,Preston,Watford,8.0,12.0,2.75,3.0,2.75,2.4,1.53,2.0,1.73,1.6,1.4,1.67,1.44,1.89,0.1,1.89,0.72,66.67,44.44,33.33,55.56,22.22,77.78,88.89,100.0,0.4,1.0,0.88,1.38,1.5,0.3,1.12,1.11,50.0,25.0,50.0,25.0,0.0,37.5,37.5,87.5,1.26,0.75,2.01
v1Y20uw0,INGLATERRA - CHAMPIONSHIP,2023-12-16,12:00,RODADA 22,Sheffield Wednesday,QPR,23.0,22.0,2.25,3.25,3.3,2.35,1.57,1.91,1.8,0.6,1.2,0.78,1.44,1.0,0.46,0.89,1.43,77.78,33.33,22.22,22.22,33.33,44.44,33.33,88.89,0.6,1.2,0.8,1.2,0.9,0.22,1.1,1.25,60.0,20.0,40.0,30.0,20.0,30.0,30.0,90.0,0.85,0.85,1.7
YNX6aah6,INGLATERRA - CHAMPIONSHIP,2023-12-16,12:00,RODADA 22,Southampton,Blackburn,4.0,9.0,1.65,4.2,4.75,1.44,2.7,1.5,2.5,1.4,1.4,1.78,1.44,1.22,0.27,1.89,0.72,88.89,55.56,11.11,55.56,44.44,55.56,66.67,100.0,2.8,1.4,2.0,1.67,2.11,0.09,1.44,1.04,88.89,44.44,11.11,44.44,33.33,88.89,55.56,100.0,1.4,1.98,3.38
St5cNH23,INGLATERRA - CHAMPIONSHIP,2023-12-16,12:00,RODADA 22,Swansea,Middlesbrough,17.0,13.0,3.5,3.6,2.05,1.73,2.08,1.62,2.2,1.2,1.2,1.11,1.11,1.11,0.21,1.11,1.05,77.78,33.33,22.22,22.22,22.22,44.44,66.67,88.89,1.6,2.2,1.89,2.22,2.33,0.12,0.89,1.43,77.78,44.44,22.22,22.22,0.0,88.89,77.78,100.0,1.62,1.39,3.01
xvsjChML,INGLATERRA - LEAGUE TWO (4ª DIVISÃO),2023-12-16,12:00,RODADA 22,Crawley,Mansfield,11.0,4.0,3.8,3.8,1.91,1.62,2.25,1.57,2.25,1.8,1.8,1.89,1.33,1.56,0.36,2.0,0.75,100.0,55.56,0.0,66.67,22.22,66.67,66.67,100.0,1.8,1.4,2.22,1.22,1.44,0.18,1.78,0.68,100.0,66.67,0.0,44.44,44.44,77.78,88.89,100.0,1.59,1.8,3.39
lEpfBCyS,INGLATERRA - LEAGUE TWO (4ª DIVISÃO),2023-12-16,12:00,RODADA 22,Crewe,Accrington,5.0,10.0,2.2,3.6,3.1,1.7,2.1,1.57,2.25,2.0,1.4,2.0,1.11,1.78,0.12,2.22,0.54,77.78,44.44,22.22,66.67,33.33,55.56,55.56,100.0,1.2,1.2,1.12,1.62,1.75,0.14,0.88,1.55,62.5,37.5,37.5,25.0,12.5,37.5,50.0,100.0,1.55,1.3,2.85
feNM6Wqq,INGLATERRA - LEAGUE TWO (4ª DIVISÃO),2023-12-16,12:00,RODADA 22,Doncaster,Morecambe,17.0,12.0,1.95,3.6,3.75,1.9,1.95,1.73,2.0,1.2,1.8,1.33,1.22,1.56,0.34,1.56,0.92,66.67,33.33,33.33,44.44,22.22,55.56,44.44,88.89,1.2,2.6,1.38,2.5,2.12,0.26,1.12,1.38,100.0,37.5,0.0,37.5,50.0,87.5,62.5,100.0,1.77,1.47,3.24
YoMQ5jak,INGLATERRA - LEAGUE TWO (4ª DIVISÃO),2023-12-16,12:00,RODADA 22,Gillingham FC,Bradford City,8.0,14.0,2.6,3.2,2.88,2.25,1.62,1.91,1.8,1.0,1.6,1.22,1.11,1.22,0.22,2.0,0.75,66.67,33.33,33.33,66.67,33.33,55.56,44.44,100.0,1.6,2.8,1.1,1.8,1.4,0.18,0.8,1.54,70.0,30.0,30.0,20.0,10.0,60.0,60.0,90.0,1.67,1.6,3.27
2LQU4AEe,INGLATERRA - LEAGUE TWO (4ª DIVISÃO),2023-12-16,12:00,RODADA 22,Harrogate,Notts County,18.0,6.0,4.33,3.6,1.8,1.65,2.2,1.57,2.25,1.4,1.6,0.89,1.56,1.11,0.45,0.78,1.67,88.89,22.22,11.11,22.22,22.22,33.33,44.44,100.0,1.8,1.2,1.33,1.56,2.0,0.19,1.33,0.99,66.67,22.22,33.33,33.33,44.44,44.44,66.67,88.89,1.3,1.7,3.0
tCPY3UT1,INGLATERRA - LEAGUE TWO (4ª DIVISÃO),2023-12-16,12:00,RODADA 22,Milton Keynes,Forest Green,13.0,23.0,1.7,4.0,4.75,1.7,2.1,1.73,2.0,2.2,1.4,1.88,1.25,1.5,0.14,1.88,0.66,87.5,50.0,12.5,50.0,62.5,62.5,87.5,100.0,1.0,1.8,0.86,1.57,1.57,0.31,1.0,1.41,57.14,28.57,42.86,28.57,0.0,42.86,28.57,85.71,1.99,1.18,3.17
8jPZwHTL,INGLATERRA - LEAGUE TWO (4ª DIVISÃO),2023-12-16,12:00,RODADA 22,Newport,Grimsby,15.0,19.0,2.75,3.2,2.7,2.0,1.85,1.73,2.0,2.2,1.8,1.78,1.56,1.33,0.12,1.44,0.86,88.89,55.56,11.11,33.33,44.44,77.78,77.78,88.89,1.2,1.6,1.22,1.89,1.44,0.13,0.56,0.95,77.78,55.56,22.22,0.0,44.44,55.56,77.78,100.0,1.88,1.47,3.35
rH3HSD62,INGLATERRA - LEAGUE TWO (4ª DIVISÃO),2023-12-16,12:00,RODADA 22,Salford,Wimbledon,20.0,7.0,3.3,3.4,2.15,1.88,1.98,1.67,2.1,1.2,2.2,1.5,2.12,1.75,0.3,0.62,1.7,100.0,62.5,0.0,12.5,25.0,75.0,87.5,100.0,1.8,1.0,1.33,0.78,1.56,0.22,1.78,0.68,33.33,11.11,66.67,44.44,33.33,44.44,33.33,66.67,1.1,1.99,3.09
dK7LRXL8,INGLATERRA - LEAGUE TWO (4ª DIVISÃO),2023-12-16,12:00,RODADA 22,Stockport,Sutton,1.0,24.0,1.36,5.0,8.5,1.73,2.08,2.0,1.73,2.6,0.4,2.0,0.7,1.4,0.06,2.3,0.5,60.0,40.0,40.0,70.0,60.0,30.0,30.0,100.0,1.0,2.8,1.25,2.75,2.62,0.1,0.25,1.85,75.0,25.0,25.0,0.0,12.5,75.0,100.0,100.0,2.7,0.63,3.33
js7PQiyF,INGLATERRA - LEAGUE TWO (4ª DIVISÃO),2023-12-16,12:00,RODADA 22,Swindon,Barrow,9.0,3.0,2.6,3.8,2.5,1.62,2.25,1.53,2.38,2.4,0.4,2.62,1.38,2.5,0.31,2.0,0.71,100.0,12.5,0.0,62.5,87.5,62.5,50.0,100.0,0.8,0.8,1.2,1.0,1.1,0.11,1.5,0.9,80.0,30.0,20.0,40.0,30.0,40.0,60.0,100.0,1.39,0.57,1.96
UyMgugeh,INGLATERRA - LEAGUE ONE (3ª DIVISÃO),2023-12-16,12:00,RODADA 22,Barnsley,Charlton,7.0,10.0,1.91,3.75,3.8,1.67,2.15,1.62,2.2,1.8,1.6,2.38,1.38,2.25,0.32,1.62,0.93,75.0,50.0,25.0,50.0,37.5,75.0,50.0,100.0,0.8,1.4,0.86,1.43,1.43,0.09,0.57,0.94,71.43,14.29,28.57,0.0,0.0,42.86,71.43,85.71,1.59,1.13,2.72
ruQcvDAb,INGLATERRA - LEAGUE ONE (3ª DIVISÃO),2023-12-16,12:00,RODADA 22,Bolton,Bristol Rovers,2.0,13.0,1.67,4.0,5.0,1.73,2.08,1.75,2.0,1.4,1.4,1.78,1.44,1.33,0.16,2.11,0.65,88.89,77.78,11.11,66.67,33.33,77.78,66.67,100.0,1.2,1.8,1.11,1.44,1.78,0.12,1.22,1.14,55.56,11.11,44.44,33.33,22.22,44.44,66.67,100.0,1.59,1.3,2.89
Q3F2wXP4,INGLATERRA - LEAGUE ONE (3ª DIVISÃO),2023-12-16,12:00,RODADA 22,Cambridge Utd,Blackpool,18.0,8.0,4.0,3.6,1.85,2.05,1.75,1.91,1.91,1.0,0.6,1.0,0.89,1.22,0.15,1.67,0.79,44.44,22.22,55.56,44.44,11.11,22.22,33.33,88.89,1.0,1.2,1.25,1.5,1.75,0.4,0.88,1.13,75.0,25.0,25.0,12.5,25.0,50.0,37.5,87.5,1.1,0.77,1.87
4fE6xiuB,INGLATERRA - LEAGUE ONE (3ª DIVISÃO),2023-12-16,12:00,RODADA 22,Carlisle,Northampton,22.0,12.0,2.88,3.25,2.5,2.25,1.62,1.95,1.8,0.6,1.4,0.78,1.11,1.11,0.38,1.0,1.22,66.67,11.11,33.33,22.22,0.0,11.11,44.44,100.0,1.4,1.0,1.0,1.12,1.25,0.1,1.12,1.38,62.5,25.0,37.5,37.5,37.5,50.0,50.0,100.0,0.77,1.4,2.17
bVS9yBfH,INGLATERRA - LEAGUE ONE (3ª DIVISÃO),2023-12-16,12:00,RODADA 22,Cheltenham,Leyton Orient,24.0,16.0,2.88,3.2,2.55,2.1,1.7,1.91,1.91,0.8,1.4,0.62,1.5,0.75,0.48,1.0,1.31,87.5,37.5,12.5,25.0,25.0,25.0,25.0,100.0,0.8,0.8,1.0,1.0,1.11,0.19,1.22,0.89,66.67,22.22,33.33,22.22,22.22,33.33,55.56,77.78,0.8,1.06,1.86
xMRDzV9N,INGLATERRA - LEAGUE ONE (3ª DIVISÃO),2023-12-16,12:00,RODADA 22,Derby,Wycombe,6.0,15.0,1.45,4.5,6.5,1.83,2.03,2.0,1.75,1.2,0.4,1.38,0.75,1.5,0.15,1.75,0.79,62.5,0.0,37.5,50.0,37.5,50.0,50.0,87.5,1.4,2.2,1.62,1.75,2.0,0.17,1.38,1.02,87.5,25.0,12.5,37.5,50.0,87.5,75.0,100.0,1.62,0.75,2.37
KpHIZlPT,INGLATERRA - LEAGUE ONE (3ª DIVISÃO),2023-12-16,12:00,RODADA 22,Fleetwood,Peterborough,21.0,4.0,4.5,4.2,1.67,1.53,2.4,1.62,2.2,0.0,2.0,0.88,2.12,1.25,0.49,0.5,2.14,100.0,50.0,0.0,12.5,25.0,62.5,25.0,100.0,1.8,1.0,1.44,1.22,1.67,0.16,1.56,0.92,66.67,22.22,33.33,44.44,33.33,44.44,66.67,100.0,0.0,1.9,1.9
d68pV8Xp,INGLATERRA - LEAGUE ONE (3ª DIVISÃO),2023-12-16,12:00,RODADA 22,Lincoln,Reading,9.0,23.0,2.1,3.3,3.5,2.08,1.73,1.91,1.91,2.2,0.8,1.88,0.75,1.5,0.12,1.88,0.66,75.0,37.5,25.0,50.0,37.5,50.0,50.0,100.0,1.0,2.6,0.88,2.38,1.62,0.14,0.38,2.83,62.5,62.5,37.5,12.5,25.0,75.0,62.5,100.0,2.39,0.89,3.28
A9dSghAo,INGLATERRA - LEAGUE ONE (3ª DIVISÃO),2023-12-16,12:00,RODADA 22,Oxford Utd,Burton,5.0,19.0,1.62,3.75,5.75,2.03,1.83,1.95,1.8,1.8,0.8,1.88,0.88,2.0,0.15,2.12,0.59,75.0,0.0,25.0,62.5,75.0,75.0,62.5,100.0,0.8,2.0,0.67,1.78,1.33,0.1,0.78,1.67,66.67,44.44,33.33,22.22,11.11,44.44,33.33,88.89,1.9,0.8,2.7
l0eWhCPi,INGLATERRA - LEAGUE ONE (3ª DIVISÃO),2023-12-16,12:00,RODADA 22,Port Vale,Wigan,17.0,14.0,2.3,3.25,3.25,2.05,1.75,1.8,1.95,0.8,1.4,0.86,1.0,1.14,0.22,1.29,1.25,42.86,28.57,57.14,42.86,0.0,28.57,28.57,100.0,1.8,1.2,1.44,1.33,1.22,0.33,1.22,1.14,100.0,33.33,0.0,33.33,55.56,55.56,66.67,100.0,0.98,1.59,2.57
2oGuoml8,ESCÓCIA - PREMIERSHIP,2023-12-16,12:00,RODADA 18,Celtic,Hearts,1.0,6.0,1.2,7.0,12.0,1.4,2.88,1.8,1.95,3.4,0.6,3.29,0.86,2.57,0.11,2.71,0.28,71.43,71.43,28.57,85.71,57.14,85.71,71.43,100.0,0.8,1.4,1.0,1.0,1.29,0.15,1.29,1.25,71.43,0.0,28.57,42.86,57.14,42.86,42.86,100.0,2.18,0.69,2.87
zaEmqRIK,ESCÓCIA - PREMIERSHIP,2023-12-16,12:00,RODADA 18,Livingston,Kilmarnock,12.0,5.0,3.25,3.25,2.3,2.35,1.57,2.05,1.7,0.4,1.2,0.5,1.17,1.17,0.14,0.83,1.4,50.0,0.0,50.0,16.67,0.0,16.67,16.67,83.33,0.6,1.2,0.71,1.14,0.86,0.22,0.86,1.25,57.14,42.86,42.86,14.29,0.0,42.86,42.86,71.43,0.69,0.85,1.54
nZHiroYQ,ESCÓCIA - PREMIERSHIP,2023-12-16,12:00,RODADA 18,Ross County,Dundee FC,8.0,7.0,2.25,3.3,3.2,2.1,1.7,1.91,1.91,0.8,0.6,1.0,0.86,1.0,0.21,1.57,0.89,57.14,28.57,42.86,42.86,28.57,28.57,14.29,85.71,1.4,2.2,1.5,2.17,2.0,0.28,0.83,1.4,66.67,50.0,33.33,16.67,33.33,83.33,66.67,100.0,1.33,0.92,2.25
IeeYjFGb,ESCÓCIA - PREMIERSHIP,2023-12-16,12:00,RODADA 21,St. Johnstone,Hibernian,11.0,4.0,3.3,3.3,2.25,2.15,1.67,1.91,1.91,0.8,1.2,1.12,1.5,1.75,0.1,1.38,1.02,62.5,25.0,37.5,37.5,37.5,50.0,50.0,100.0,1.2,2.0,1.38,2.0,2.38,0.09,1.12,1.11,75.0,25.0,25.0,25.0,37.5,75.0,62.5,100.0,1.26,1.2,2.46
W6gOxPel,ESCÓCIA - PREMIERSHIP,2023-12-16,12:00,RODADA 18,St. Mirren,Motherwell,3.0,10.0,1.95,3.4,4.0,2.3,1.6,2.05,1.7,1.6,0.6,1.43,1.14,1.57,0.31,2.0,0.65,85.71,14.29,14.29,57.14,42.86,57.14,42.86,100.0,0.6,1.8,0.57,1.43,1.0,0.27,0.71,1.56,71.43,28.57,28.57,14.29,28.57,28.57,28.57,100.0,1.7,0.6,2.3
MVhX2Nn5,ITÁLIA - SERIE B,2023-12-16,12:15,RODADA 17,Ascoli,Catanzaro,19.0,4.0,2.55,3.0,3.0,2.35,1.57,1.95,1.8,0.8,1.4,0.83,1.33,1.0,0.25,0.67,1.82,83.33,16.67,16.67,16.67,33.33,33.33,50.0,100.0,1.6,1.4,1.71,1.29,1.29,0.5,2.0,0.65,85.71,42.86,14.29,57.14,71.43,71.43,71.43,85.71,1.06,1.5,2.56
0Miy2s2B,ITÁLIA - SERIE B,2023-12-16,12:15,RODADA 17,Cosenza,Parma,12.0,1.0,3.1,3.4,2.3,2.0,1.85,1.75,2.0,2.2,0.8,1.86,1.14,2.14,0.13,1.57,0.89,71.43,14.29,28.57,42.86,71.43,71.43,57.14,100.0,2.6,1.4,2.5,1.33,2.33,0.18,2.0,0.77,50.0,50.0,50.0,66.67,33.33,83.33,66.67,100.0,1.75,1.44,3.19
xID7fafo,ITÁLIA - SERIE B,2023-12-16,12:15,RODADA 17,Palermo,Pisa,8.0,13.0,2.1,3.3,3.6,2.2,1.65,1.95,1.8,1.2,0.8,1.29,1.0,1.57,0.21,1.43,1.06,71.43,0.0,28.57,42.86,28.57,57.14,42.86,100.0,1.0,0.6,0.71,0.71,1.0,0.31,1.57,0.89,42.86,0.0,57.14,42.86,28.57,14.29,14.29,71.43,0.85,0.89,1.74
vLYqRnjD,ESPANHA - LALIGA,2023-12-16,12:15,RODADA 17,Ath. Bilbao,Atl. Madrid,5.0,3.0,2.45,3.4,2.8,1.92,1.98,1.62,2.2,2.6,1.8,2.86,1.29,2.14,0.14,2.29,0.55,85.71,42.86,14.29,71.43,57.14,85.71,42.86,100.0,2.0,0.8,1.83,1.0,1.67,0.13,1.17,1.26,66.67,33.33,33.33,33.33,33.33,66.67,16.67,83.33,1.44,1.9,3.34
h4QpSQTM,ESPANHA - LALIGA2,2023-12-16,12:15,RODADA 20,Andorra,Espanyol,17.0,4.0,2.4,3.1,3.1,2.15,1.67,1.83,1.83,1.4,1.0,1.0,0.88,1.5,0.3,1.62,0.93,25.0,12.5,75.0,50.0,0.0,25.0,25.0,87.5,0.8,1.2,1.25,1.12,1.12,0.13,1.38,1.02,75.0,25.0,25.0,37.5,37.5,25.0,50.0,100.0,1.3,0.89,2.19
QcCbQbQF,PORTUGAL - LIGA PORTUGAL,2023-12-16,12:30,RODADA 14,Rio Ave,Vizela,15.0,17.0,2.3,3.2,3.1,2.05,1.75,1.91,1.91,1.4,0.8,1.17,1.33,1.83,0.1,1.33,1.02,50.0,16.67,50.0,33.33,16.67,33.33,50.0,100.0,1.2,1.4,1.2,1.4,1.8,0.16,1.0,1.22,40.0,40.0,60.0,20.0,0.0,60.0,60.0,80.0,1.4,0.98,2.38
tKRHcXvD,PORTUGAL - LIGA PORTUGAL 2,2023-12-16,12:30,RODADA 14,Nacional,CF Os Belenenses,3.0,16.0,1.57,4.0,5.75,1.83,2.03,1.91,1.8,2.0,0.6,2.0,0.67,1.0,0.0,2.17,0.61,83.33,50.0,16.67,66.67,50.0,50.0,50.0,100.0,0.8,1.4,0.8,1.4,1.2,0.24,0.8,1.63,80.0,20.0,20.0,20.0,0.0,40.0,40.0,100.0,1.67,0.69,2.36
MFGAPjQB,ALEMANHA - 3. LIGA,2023-12-16,12:30,RODADA 19,Unterhaching,Munster,11.0,10.0,2.5,3.4,2.45,1.88,1.98,1.67,2.1,1.2,1.0,1.43,0.71,1.14,0.19,1.71,0.73,57.14,28.57,42.86,42.86,28.57,57.14,42.86,57.14,0.6,1.6,1.12,1.38,1.62,0.22,1.0,1.31,50.0,25.0,50.0,25.0,25.0,50.0,37.5,87.5,1.39,0.77,2.16
zsFC1HHB,PAÍSES BAIXOS - EREDIVISIE,2023-12-16,12:30,RODADA 16,Utrecht,Waalwijk,13.0,15.0,1.73,3.8,4.5,1.7,2.1,1.67,2.1,1.6,1.8,1.5,2.33,2.67,0.13,1.0,1.1,66.67,33.33,33.33,16.67,16.67,50.0,83.33,100.0,1.0,1.6,0.83,1.5,1.0,0.13,1.0,1.55,83.33,33.33,16.67,33.33,16.67,50.0,33.33,100.0,1.6,1.34,2.94
nBsbtcU1,GRÉCIA - SUPERLIGA,2023-12-16,12:30,RODADA 14,Kifisias,Giannina,14.0,13.0,2.4,3.2,3.1,2.25,1.62,1.95,1.8,1.2,1.8,1.33,1.67,2.0,0.17,1.0,1.1,50.0,33.33,50.0,16.67,16.67,50.0,66.67,83.33,1.2,1.6,1.17,1.5,0.83,0.47,0.67,0.77,66.67,50.0,33.33,0.0,0.0,50.0,83.33,83.33,1.39,1.47,2.86
Is8rwtv2,FRANÇA - LIGUE 1,2023-12-16,13:00,RODADA 16,Le Havre,Nice,11.0,2.0,4.33,3.1,2.05,2.7,1.44,2.25,1.57,0.8,0.8,0.67,1.0,1.17,0.28,0.83,1.4,50.0,0.0,50.0,16.67,0.0,33.33,16.67,66.67,1.2,0.6,1.0,0.67,1.0,0.52,1.83,0.72,50.0,16.67,50.0,50.0,16.67,16.67,33.33,83.33,0.69,0.98,1.67
QJuRJQf5,ITÁLIA - SERIE A,2023-12-16,14:00,RODADA 16,Napoli,Cagliari,6.0,16.0,1.33,5.5,8.5,1.53,2.4,1.8,1.95,1.4,1.6,1.33,1.67,1.67,0.07,1.0,1.55,83.33,50.0,16.67,33.33,33.33,66.67,50.0,100.0,0.6,1.6,0.67,1.67,1.67,0.15,0.33,1.55,50.0,16.67,50.0,0.0,16.67,66.67,50.0,83.33,1.5,0.98,2.48
ltBZiTNt,BÉLGICA - LIGA JUPILER,2023-12-16,14:15,RODADA 18,RWDM,St. Truiden,11.0,8.0,3.5,3.3,2.1,2.05,1.8,1.8,1.95,1.4,1.2,1.14,1.0,0.71,0.4,1.43,0.79,57.14,57.14,42.86,28.57,0.0,28.57,71.43,85.71,1.6,1.8,1.43,1.57,1.57,0.19,1.43,0.79,57.14,57.14,42.86,28.57,28.57,42.86,57.14,100.0,1.59,1.39,2.98
nXY6TmGj,ALEMANHA - BUNDESLIGA,2023-12-16,14:30,RODADA 15,RB Leipzig,Hoffenheim,4.0,6.0,1.36,5.5,7.0,1.36,3.2,1.57,2.25,3.4,0.4,3.17,0.5,1.5,0.39,2.67,0.31,83.33,66.67,16.67,83.33,50.0,83.33,50.0,83.33,2.4,1.2,2.17,1.33,2.0,0.18,2.17,0.61,83.33,50.0,16.67,66.67,66.67,66.67,83.33,100.0,2.02,0.98,3.0
KvCZIPfo,INGLATERRA - PREMIER LEAGUE,2023-12-16,14:30,RODADA 17,Burnley,Everton,19.0,17.0,3.3,3.4,2.2,2.08,1.82,1.8,1.95,0.4,2.4,1.29,2.43,2.14,0.26,0.43,2.65,85.71,57.14,14.29,14.29,14.29,71.43,42.86,100.0,1.4,1.8,1.5,1.83,1.83,0.2,1.67,0.9,66.67,66.67,33.33,50.0,0.0,66.67,50.0,100.0,0.85,1.83,2.68
vLfFtSk0,ESPANHA - LALIGA,2023-12-16,14:30,RODADA 17,Sevilla,Getafe,16.0,9.0,1.73,3.6,5.0,2.25,1.62,2.05,1.7,1.0,1.2,1.14,1.29,1.86,0.09,1.0,1.0,28.57,28.57,71.43,14.29,0.0,42.86,85.71,100.0,1.6,2.4,1.29,2.29,1.71,0.2,0.43,1.25,100.0,42.86,0.0,0.0,28.57,71.43,71.43,100.0,1.55,1.39,2.94
tfWNUy3m,ESPANHA - LALIGA2,2023-12-16,14:30,RODADA 20,Cartagena,Burgos,20.0,13.0,2.45,2.8,3.4,2.88,1.4,2.2,1.62,1.0,2.0,0.75,1.88,1.25,0.2,0.5,2.14,75.0,25.0,25.0,12.5,12.5,50.0,50.0,100.0,1.0,2.0,0.88,1.88,1.62,0.16,0.5,2.14,75.0,25.0,25.0,12.5,12.5,62.5,62.5,100.0,1.41,1.41,2.82
WrPzSZn6,ESPANHA - LALIGA2,2023-12-16,14:30,RODADA 20,Sporting Gijón,Leganés,3.0,1.0,2.0,2.9,4.5,3.1,1.36,2.63,1.44,2.0,0.8,1.75,0.62,1.12,0.24,2.25,0.46,75.0,37.5,25.0,62.5,50.0,50.0,50.0,87.5,1.4,0.4,1.0,0.5,0.88,0.44,1.62,0.93,62.5,0.0,37.5,50.0,12.5,12.5,12.5,100.0,0.89,1.06,1.95
r7IKaenO,PAÍSES BAIXOS - EREDIVISIE,2023-12-16,14:45,RODADA 16,Excelsior,G.A. Eagles,12.0,6.0,2.88,3.75,2.3,1.57,2.35,1.53,2.38,1.4,2.2,1.5,2.0,2.67,0.16,1.0,1.1,50.0,33.33,50.0,16.67,16.67,66.67,83.33,83.33,0.6,2.0,0.67,1.67,1.67,0.0,1.0,1.1,50.0,16.67,50.0,16.67,16.67,33.33,50.0,83.33,1.67,1.15,2.82
djnnN34K,ARÁBIA SAUDITA - LIGA PROFISSIONAL SAUDITA,2023-12-16,15:00,RODADA 17,Al-Ettifaq,Al-Taawon,8.0,4.0,2.4,3.25,2.8,2.15,1.67,1.91,1.8,1.6,1.4,1.83,1.33,1.67,0.33,1.83,0.72,66.67,33.33,33.33,50.0,16.67,66.67,83.33,83.33,1.4,1.0,1.29,1.14,1.0,0.31,1.57,0.89,85.71,42.86,14.29,42.86,28.57,28.57,57.14,100.0,1.26,1.4,2.66
vsAnT0tc,PORTUGAL - LIGA PORTUGAL,2023-12-16,15:00,RODADA 14,Arouca,Gil Vicente,18.0,14.0,1.91,3.4,4.2,2.03,1.83,1.8,1.95,1.4,1.6,1.17,1.67,1.83,0.21,0.83,1.4,66.67,33.33,33.33,16.67,0.0,33.33,50.0,100.0,1.0,2.6,1.0,2.6,2.2,0.12,0.0,,60.0,60.0,40.0,0.0,20.0,80.0,80.0,100.0,1.91,1.26,3.17
K4w9agA0,PORTUGAL - LIGA PORTUGAL 2,2023-12-16,15:00,RODADA 14,AVS,Ferreira,2.0,10.0,2.1,3.2,3.6,2.3,1.6,2.0,1.73,0.8,0.4,0.83,0.33,0.33,0.32,2.0,0.77,83.33,0.0,16.67,66.67,66.67,0.0,0.0,100.0,0.4,1.4,0.4,1.4,0.8,0.24,0.2,2.24,60.0,20.0,40.0,0.0,0.0,40.0,40.0,80.0,1.06,0.4,1.46
EPqyNCoj,ALEMANHA - 2. BUNDESLIGA,2023-12-16,16:30,RODADA 17,Kiel,Hannover,2.0,7.0,2.1,3.6,3.2,1.73,2.08,1.57,2.25,2.2,2.2,2.29,2.0,2.71,0.12,1.86,0.79,85.71,57.14,14.29,57.14,42.86,85.71,100.0,100.0,1.2,1.4,1.29,1.29,1.43,0.1,1.29,0.97,71.43,42.86,28.57,28.57,57.14,57.14,71.43,85.71,1.75,1.62,3.37
htCNIpAB,ITÁLIA - SERIE A,2023-12-16,16:45,RODADA 16,Torino,Empoli,11.0,18.0,1.55,4.0,6.5,2.07,1.83,2.05,1.7,1.2,0.8,1.0,0.67,1.17,0.2,1.83,0.72,33.33,16.67,66.67,50.0,16.67,50.0,16.67,66.67,1.0,2.0,0.83,2.17,2.0,0.15,1.17,1.26,66.67,16.67,33.33,33.33,16.67,50.0,33.33,100.0,1.55,0.89,2.44
bVAbnPiI,BÉLGICA - LIGA JUPILER,2023-12-16,16:45,RODADA 18,St. Liege,Charleroi,9.0,13.0,2.15,3.5,3.4,1.98,1.88,1.75,2.0,1.2,1.0,1.0,1.0,1.0,0.34,1.29,0.97,71.43,28.57,28.57,28.57,28.57,28.57,57.14,85.71,0.6,1.8,0.57,1.71,0.71,0.39,0.29,1.71,57.14,42.86,42.86,0.0,0.0,42.86,42.86,71.43,1.47,0.77,2.24
dSJZv29k,FRANÇA - LIGUE 1,2023-12-16,17:00,RODADA 16,Lens,Reims,7.0,8.0,2.25,3.3,3.25,2.05,1.85,1.8,1.95,1.0,0.8,1.33,1.0,1.17,0.32,1.83,0.72,83.33,33.33,16.67,50.0,16.67,33.33,66.67,100.0,1.2,1.8,1.29,1.57,1.71,0.11,1.14,1.18,57.14,57.14,42.86,28.57,14.29,71.43,85.71,100.0,1.34,0.98,2.32
lW12qU5s,ESPANHA - LALIGA,2023-12-16,17:00,RODADA 17,Valencia,Barcelona,11.0,4.0,5.25,4.2,1.57,1.6,2.3,1.7,2.05,1.4,0.4,1.33,0.33,0.67,0.17,2.17,0.61,66.67,33.33,33.33,66.67,50.0,33.33,16.67,83.33,1.2,1.0,1.33,1.0,1.0,0.25,1.67,0.62,66.67,33.33,33.33,33.33,16.67,50.0,66.67,83.33,1.18,0.69,1.87
23XJVHms,ESPANHA - LALIGA2,2023-12-16,17:00,RODADA 20,Mirandes,Albacete,14.0,15.0,3.6,3.3,2.1,2.25,1.62,1.91,1.8,1.6,1.2,1.56,1.56,1.67,0.25,1.22,1.14,77.78,66.67,22.22,33.33,33.33,66.67,66.67,88.89,0.6,1.8,1.12,2.12,2.0,0.43,0.62,1.7,87.5,37.5,12.5,12.5,12.5,50.0,62.5,100.0,1.7,0.85,2.55
EXDG0yXH,PAÍSES BAIXOS - EREDIVISIE,2023-12-16,17:00,RODADA 16,Heerenveen,FC Volendam,9.0,18.0,1.25,6.0,12.0,1.4,2.88,1.8,1.95,1.6,1.6,1.83,1.33,1.33,0.16,1.67,0.9,100.0,66.67,0.0,50.0,50.0,83.33,50.0,100.0,0.8,3.0,1.0,2.86,2.43,0.08,0.14,2.65,85.71,42.86,14.29,0.0,14.29,85.71,71.43,100.0,2.19,1.13,3.32
n7DfRvB9,PORTUGAL - LIGA PORTUGAL,2023-12-16,17:30,RODADA 14,Boavista,Vitória SC,10.0,5.0,4.0,3.5,1.91,1.98,1.88,1.8,1.95,2.2,1.8,1.83,2.17,2.0,0.16,1.33,1.02,100.0,50.0,0.0,33.33,16.67,83.33,83.33,100.0,1.2,1.4,1.2,1.4,1.2,0.08,1.8,0.91,80.0,40.0,20.0,60.0,60.0,60.0,40.0,100.0,1.75,1.47,3.22
n9CejaHF,ÁUSTRIA - BUNDESLIGA,2024-02-17,13:00,RODADA 19,A. Lustenau,A. Klagenfurt,12.0,5.0,,,,,,,,0.8,2.8,0.62,3.0,2.12,0.19,0.0,,100.0,37.5,0.0,0.0,12.5,75.0,37.5,100.0,2.0,0.6,1.71,1.29,1.86,0.15,2.0,0.65,85.71,28.57,14.29,57.14,42.86,71.43,42.86,85.71,0.69,2.37,3.06
0hAqg1Xd,ÁUSTRIA - BUNDESLIGA,2024-02-17,13:00,RODADA 19,Austria Vienna,Altach,8.0,10.0,,,,,,,,1.0,0.0,1.0,0.29,0.71,0.21,1.57,0.62,28.57,28.57,71.43,28.57,14.29,28.57,14.29,42.86,1.2,1.6,0.75,1.62,1.12,0.14,0.75,1.38,62.5,50.0,37.5,12.5,12.5,37.5,37.5,87.5,1.26,0.0,1.26
8IDiiu29,ÁUSTRIA - BUNDESLIGA,2024-02-17,13:00,RODADA 19,BW Linz,Red Bull Salzburg,9.0,1.0,,,,,,,,1.0,1.2,1.25,1.5,1.25,0.23,1.25,0.93,87.5,50.0,12.5,25.0,37.5,37.5,50.0,87.5,2.2,0.8,2.0,0.75,1.5,0.29,2.25,0.46,87.5,25.0,12.5,62.5,62.5,50.0,50.0,87.5,0.89,1.62,2.51
SKThkJWL,ÁUSTRIA - BUNDESLIGA,2024-02-17,13:00,RODADA 19,Hartberg,LASK,4.0,3.0,,,,,,,,1.2,1.8,1.5,1.38,1.62,0.16,2.0,0.71,75.0,37.5,25.0,62.5,25.0,62.5,37.5,87.5,1.6,1.4,1.38,1.25,1.38,0.22,1.5,0.87,87.5,25.0,12.5,37.5,25.0,37.5,50.0,87.5,1.3,1.7,3.0
CUvKSARG,AUSTRÁLIA - A-LEAGUE,2023-12-17,03:00,RODADA 8,Melbourne City,Central Coast Mariners,7.0,9.0,1.91,4.0,3.5,1.5,2.5,1.44,2.63,2.5,1.5,,,3.5,,2.0,0.71,50.0,0.0,50.0,50.0,50.0,50.0,50.0,100.0,,,,,,,,,,,,,,,,,,,
Qs0zGEfs,PORTUGAL - LIGA PORTUGAL 2,2023-12-17,08:00,RODADA 14,Vilaverdense,Leixoes,18.0,15.0,2.75,3.2,2.63,2.15,1.67,1.83,1.83,1.0,2.0,1.0,2.0,1.4,0.1,0.6,2.24,100.0,40.0,0.0,20.0,20.0,80.0,80.0,100.0,1.0,1.6,0.83,1.33,1.17,0.39,1.33,1.02,50.0,33.33,50.0,33.33,16.67,50.0,33.33,66.67,1.26,1.41,2.67
McHObF1U,PAÍSES BAIXOS - EREDIVISIE,2023-12-17,08:15,RODADA 16,Almere City,Vitesse,16.0,17.0,2.3,3.5,3.0,1.75,2.05,1.62,2.2,0.8,3.0,0.83,2.83,2.83,0.28,0.67,1.82,66.67,16.67,33.33,16.67,16.67,83.33,50.0,100.0,0.6,3.2,1.0,2.86,2.29,0.18,0.86,1.71,100.0,57.14,0.0,28.57,0.0,85.71,57.14,100.0,1.6,1.34,2.94
nTtNK6ua,ITÁLIA - SERIE A,2023-12-17,08:30,RODADA 16,AC Milan,Monza,3.0,9.0,1.6,4.2,5.0,1.75,2.05,1.8,1.95,1.2,0.6,1.5,0.67,1.0,0.44,2.0,0.77,66.67,16.67,33.33,66.67,66.67,33.33,33.33,100.0,1.0,1.0,0.83,1.33,1.17,0.24,1.17,1.26,66.67,33.33,33.33,33.33,16.67,33.33,33.33,100.0,1.1,0.77,1.87
vi9vvMOe,FRANÇA - LIGUE 1,2023-12-17,09:00,RODADA 16,Nantes,Brest,9.0,5.0,2.63,3.2,2.8,2.15,1.67,1.91,1.91,2.2,1.8,1.86,1.43,1.86,0.34,1.57,0.89,85.71,42.86,14.29,42.86,57.14,42.86,57.14,100.0,1.0,1.0,0.71,1.0,1.0,0.28,1.43,1.06,71.43,0.0,28.57,42.86,14.29,28.57,28.57,85.71,1.48,1.34,2.82
jVY40Zff,PORTUGAL - LIGA PORTUGAL 2,2023-12-17,09:00,RODADA 14,Santa Clara,FC Porto B,1.0,5.0,2.15,3.3,3.3,2.03,1.83,1.73,2.0,1.6,0.2,1.67,0.33,1.0,0.17,2.67,0.31,83.33,16.67,16.67,83.33,50.0,33.33,33.33,83.33,2.0,1.6,2.0,1.6,2.6,0.24,1.4,1.08,60.0,20.0,40.0,40.0,0.0,80.0,100.0,100.0,1.6,0.63,2.23
nRyBbJ7C,INGLATERRA - CHAMPIONSHIP,2023-12-17,09:00,RODADA 22,West Bromwich,Stoke,5.0,19.0,1.75,3.8,4.5,2.1,1.7,2.0,1.73,1.4,0.4,1.44,0.78,1.56,0.22,1.89,0.72,55.56,11.11,44.44,55.56,33.33,44.44,44.44,77.78,1.2,1.6,0.78,1.56,1.0,0.14,0.56,1.82,88.89,44.44,11.11,11.11,11.11,33.33,33.33,88.89,1.5,0.69,2.19
8OQRqzg3,ALEMANHA - 2. BUNDESLIGA,2023-12-17,09:30,RODADA 17,Braunschweig,Kaiserslautern,17.0,15.0,2.88,3.4,2.5,1.88,1.98,1.62,2.2,1.6,2.2,1.29,1.86,1.43,0.14,1.14,1.18,85.71,57.14,14.29,28.57,14.29,57.14,71.43,100.0,1.2,2.8,1.33,2.67,1.83,0.11,0.33,1.55,100.0,66.67,0.0,0.0,33.33,83.33,83.33,100.0,2.12,1.62,3.74
pjuXNhWq,ALEMANHA - 2. BUNDESLIGA,2023-12-17,09:30,RODADA 17,Karlsruher,Elversberg,14.0,9.0,2.15,3.8,3.1,1.57,2.35,1.5,2.5,2.4,0.8,2.0,1.29,1.71,0.15,1.71,0.73,100.0,42.86,0.0,42.86,57.14,71.43,57.14,100.0,1.8,1.4,1.57,1.71,1.57,0.17,1.57,0.89,85.71,42.86,14.29,42.86,42.86,57.14,71.43,100.0,1.83,1.2,3.03
0I30TE8M,ALEMANHA - 2. BUNDESLIGA,2023-12-17,09:30,RODADA 17,St. Pauli,Wehen,1.0,11.0,1.33,5.25,9.0,1.57,2.35,1.83,1.83,2.6,0.6,2.14,0.71,1.57,0.25,1.86,0.58,57.14,57.14,42.86,42.86,28.57,57.14,57.14,57.14,1.0,1.2,1.43,1.43,1.71,0.11,1.29,1.25,71.43,28.57,28.57,42.86,42.86,57.14,57.14,100.0,1.77,0.77,2.54
IL2jloN5,BÉLGICA - LIGA JUPILER,2023-12-17,09:30,RODADA 18,Club Brugge,Gent,6.0,3.0,1.67,4.0,4.75,1.67,2.15,1.67,2.1,2.8,1.0,2.43,0.86,1.86,0.22,2.14,0.5,71.43,28.57,28.57,57.14,42.86,42.86,71.43,85.71,1.6,1.0,1.57,1.14,1.43,0.19,1.71,0.73,71.43,57.14,28.57,42.86,14.29,42.86,71.43,100.0,1.67,1.26,2.93
dY8NMlAU,ALEMANHA - 3. LIGA,2023-12-17,09:30,RODADA 19,Duisburg,Dresden,19.0,2.0,4.5,3.6,1.7,1.93,1.93,1.8,1.91,0.8,2.0,0.88,1.5,1.5,0.21,0.88,1.55,50.0,25.0,50.0,25.0,12.5,50.0,50.0,100.0,2.2,0.8,1.5,1.0,1.25,0.21,1.62,0.93,62.5,25.0,37.5,50.0,25.0,37.5,37.5,87.5,0.8,2.1,2.9
0UZuSSz7,ESPANHA - LALIGA,2023-12-17,10:00,RODADA 17,Almería,Mallorca,20.0,15.0,2.7,3.2,2.7,2.2,1.65,1.91,1.91,0.8,2.0,1.29,2.29,2.14,0.26,0.43,1.25,71.43,57.14,28.57,0.0,14.29,71.43,71.43,85.71,1.2,2.0,1.0,1.86,1.57,0.13,0.57,1.98,57.14,28.57,42.86,14.29,0.0,28.57,42.86,100.0,1.26,1.55,2.81
lnd3R2de,ESPANHA - LALIGA2,2023-12-17,10:00,RODADA 20,Alcorcón,Eibar,22.0,5.0,4.0,3.4,2.0,2.2,1.65,1.83,1.83,0.6,1.4,0.62,1.5,1.38,0.16,0.62,1.7,62.5,12.5,37.5,12.5,12.5,25.0,37.5,87.5,1.2,2.0,1.44,1.67,1.67,0.07,1.44,1.04,77.78,55.56,22.22,44.44,22.22,77.78,66.67,100.0,1.1,1.3,2.4
zgVnqapq,GRÉCIA - SUPERLIGA,2023-12-17,10:00,RODADA 14,Aris,OFI Crete,5.0,8.0,1.62,4.0,5.5,2.0,1.85,2.0,1.75,2.0,1.0,1.83,1.0,1.67,0.08,2.17,0.61,83.33,33.33,16.67,66.67,50.0,50.0,50.0,100.0,0.6,2.2,0.6,2.2,1.6,0.18,0.4,1.37,80.0,40.0,20.0,0.0,20.0,80.0,40.0,80.0,2.1,0.77,2.87
nLrVJbXu,PAÍSES BAIXOS - EREDIVISIE,2023-12-17,10:30,RODADA 16,Heracles,Feyenoord,14.0,2.0,11.0,7.0,1.22,1.33,3.4,1.8,1.95,1.2,2.4,1.33,2.17,2.5,0.11,1.5,1.1,66.67,33.33,33.33,50.0,0.0,83.33,66.67,100.0,2.8,1.0,3.17,1.0,2.17,0.14,2.67,0.31,100.0,66.67,0.0,83.33,50.0,83.33,66.67,100.0,1.1,2.59,3.69
benZIInn,PAÍSES BAIXOS - EREDIVISIE,2023-12-17,10:30,RODADA 16,Sparta Rotterdam,Twente,7.0,4.0,4.33,3.6,1.83,1.85,2.0,1.75,2.0,1.0,2.0,1.0,1.83,2.0,0.18,0.83,1.4,66.67,16.67,33.33,16.67,33.33,66.67,66.67,100.0,2.6,1.0,2.5,0.83,2.0,0.21,2.33,0.44,83.33,50.0,16.67,66.67,66.67,66.67,66.67,100.0,1.0,2.28,3.28
Eup2yYAC,INGLATERRA - PREMIER LEAGUE,2023-12-17,11:00,RODADA 17,Arsenal,Brighton,2.0,8.0,1.44,5.0,6.0,1.57,2.35,1.75,2.0,2.0,1.2,2.14,1.14,1.86,0.09,2.43,0.4,85.71,57.14,14.29,71.43,42.86,85.71,85.71,100.0,2.4,1.4,2.33,1.67,2.17,0.19,1.67,0.9,100.0,50.0,0.0,50.0,50.0,83.33,100.0,100.0,1.67,1.7,3.37
82q6zhQI,INGLATERRA - PREMIER LEAGUE,2023-12-17,11:00,RODADA 17,Brentford,Aston Villa,11.0,3.0,3.0,3.75,2.2,1.75,2.05,1.62,2.2,1.8,1.6,2.0,1.57,1.86,0.25,1.57,0.89,71.43,57.14,28.57,42.86,14.29,85.71,71.43,100.0,1.0,1.8,1.0,2.0,1.57,0.11,1.14,1.18,71.43,57.14,28.57,28.57,0.0,57.14,57.14,100.0,1.8,1.26,3.06
WdrzNgDG,INGLATERRA - PREMIER LEAGUE,2023-12-17,11:00,RODADA 17,West Ham,Wolverhampton,9.0,13.0,2.1,3.6,3.4,1.87,2.03,1.7,2.05,1.8,1.8,1.67,1.67,2.17,0.1,1.33,1.02,83.33,33.33,16.67,33.33,50.0,66.67,83.33,100.0,1.0,1.0,1.14,1.43,2.14,0.15,1.0,1.41,28.57,14.29,71.43,28.57,0.0,57.14,71.43,100.0,1.34,1.34,2.68
ngUao4WL,FRANÇA - LIGUE 1,2023-12-17,11:00,RODADA 16,Lorient,Strasbourg,17.0,10.0,2.55,3.2,2.88,2.15,1.67,1.91,1.91,1.8,2.2,1.29,2.0,1.29,0.13,0.86,1.25,71.43,57.14,28.57,14.29,28.57,71.43,71.43,85.71,0.4,1.8,0.5,1.83,1.0,0.0,0.67,1.82,83.33,50.0,16.67,16.67,0.0,50.0,33.33,100.0,1.8,0.94,2.74
pldQ1PG2,FRANÇA - LIGUE 1,2023-12-17,11:00,RODADA 16,Metz,Montpellier,12.0,14.0,3.2,3.3,2.3,2.08,1.73,1.8,1.95,1.0,1.2,1.17,1.33,1.33,0.15,0.83,1.4,66.67,33.33,33.33,16.67,16.67,50.0,50.0,100.0,1.2,1.8,1.5,1.5,1.67,0.1,1.17,1.26,100.0,33.33,0.0,33.33,50.0,66.67,33.33,100.0,1.34,1.2,2.54
jRzimQ19,FRANÇA - LIGUE 1,2023-12-17,11:00,RODADA 16,Toulouse,Rennes,15.0,13.0,3.2,3.5,2.2,1.9,2.0,1.7,2.05,1.6,1.2,1.6,1.2,1.8,0.21,1.2,0.91,40.0,40.0,60.0,20.0,40.0,60.0,80.0,100.0,0.4,1.4,0.4,1.4,0.6,0.21,0.4,1.37,80.0,20.0,20.0,0.0,0.0,20.0,40.0,80.0,1.5,0.69,2.19
fV1rSlmP,ITÁLIA - SERIE A,2023-12-17,11:00,RODADA 16,Fiorentina,Verona,7.0,19.0,1.4,5.0,7.0,1.73,2.08,2.0,1.75,1.6,1.2,1.83,1.0,1.0,0.17,2.0,0.77,100.0,66.67,0.0,66.67,50.0,66.67,33.33,100.0,1.0,1.4,0.86,1.43,1.29,0.2,0.71,1.56,71.43,14.29,28.57,14.29,0.0,42.86,42.86,85.71,1.5,1.1,2.6
WWARH4PH,ITÁLIA - SERIE A,2023-12-17,11:00,RODADA 16,Udinese,Sassuolo,17.0,15.0,2.25,3.5,3.1,1.7,2.1,1.57,2.25,1.0,1.6,1.17,1.67,1.17,0.32,0.83,0.49,66.67,50.0,33.33,0.0,33.33,50.0,66.67,83.33,1.6,2.6,1.5,2.33,1.83,0.24,0.67,1.82,100.0,50.0,0.0,16.67,50.0,66.67,83.33,100.0,1.61,1.6,3.21
bexDbDP6,PORTUGAL - LIGA PORTUGAL 2,2023-12-17,11:00,RODADA 14,Feirense,Maritimo,13.0,4.0,3.5,3.4,2.05,2.1,1.7,1.83,1.83,1.4,0.8,1.4,0.8,1.2,0.16,2.4,0.56,60.0,20.0,40.0,80.0,40.0,20.0,20.0,100.0,2.0,1.2,1.83,1.33,1.33,0.15,2.0,0.77,83.33,50.0,16.67,66.67,33.33,66.67,66.67,100.0,1.3,1.26,2.56
nPvrhXhi,ALEMANHA - BUNDESLIGA,2023-12-17,11:30,RODADA 15,Freiburg,Köln,8.0,16.0,1.85,3.7,4.2,1.92,1.98,1.8,1.95,2.0,1.8,2.0,1.8,1.2,0.24,1.6,0.84,100.0,80.0,0.0,40.0,60.0,60.0,80.0,100.0,0.6,1.6,0.67,1.33,1.0,0.0,0.83,1.4,66.67,33.33,33.33,16.67,16.67,33.33,50.0,100.0,1.79,1.04,2.83
0phem5xC,BÉLGICA - LIGA JUPILER,2023-12-17,12:00,RODADA 18,Royale Union SG,KV Mechelen,1.0,10.0,1.33,5.0,9.0,1.6,2.3,1.95,1.8,2.8,1.0,2.62,1.12,1.38,0.27,2.38,0.5,100.0,75.0,0.0,75.0,75.0,87.5,75.0,100.0,1.2,1.8,1.14,1.86,1.71,0.12,1.0,1.41,85.71,42.86,14.29,28.57,14.29,57.14,42.86,100.0,2.24,1.1,3.34
6ZMy0LWN,ITÁLIA - SERIE B,2023-12-17,12:15,RODADA 17,Lecco,Ternana,17.0,18.0,2.55,3.2,2.88,2.05,1.8,1.75,2.0,0.8,1.2,1.17,1.67,1.83,0.36,1.17,1.26,66.67,16.67,33.33,33.33,16.67,33.33,33.33,83.33,1.2,2.0,1.5,1.83,2.0,0.07,0.83,1.4,66.67,50.0,33.33,16.67,0.0,83.33,83.33,100.0,1.26,1.2,2.46
67d7rlLm,ESPANHA - LALIGA,2023-12-17,12:15,RODADA 17,Real Sociedad,Bétis,6.0,7.0,1.7,4.0,5.0,2.07,1.83,2.0,1.75,1.8,1.2,2.0,1.43,2.0,0.23,2.0,0.65,71.43,42.86,28.57,57.14,57.14,42.86,71.43,100.0,1.2,2.4,1.0,1.86,1.14,0.48,1.0,1.0,71.43,57.14,28.57,14.29,14.29,42.86,71.43,85.71,2.08,1.2,3.28
lKZVSFXa,ESPANHA - LALIGA2,2023-12-17,12:15,RODADA 20,Levante,Huesca,11.0,19.0,2.1,3.1,4.0,2.5,1.5,2.1,1.67,1.8,2.4,1.62,1.88,1.75,0.13,1.5,0.87,62.5,62.5,37.5,37.5,37.5,62.5,87.5,100.0,1.2,0.8,0.88,0.75,0.75,0.13,1.38,1.02,62.5,25.0,37.5,37.5,37.5,0.0,25.0,100.0,1.2,1.7,2.9
IX8jSKe3,PORTUGAL - LIGA PORTUGAL,2023-12-17,12:30,RODADA 14,Chaves,Casa Pia,,,2.7,3.1,2.63,2.25,1.62,1.91,1.91,1.8,2.2,1.8,2.2,2.4,0.11,1.2,1.37,80.0,60.0,20.0,40.0,0.0,80.0,80.0,100.0,1.2,1.6,1.0,1.67,1.83,0.11,1.17,1.26,66.67,16.67,33.33,33.33,33.33,50.0,33.33,100.0,1.7,1.62,3.32
6eQS8Wfr,PORTUGAL - LIGA PORTUGAL,2023-12-17,12:30,RODADA 14,Moreirense,Portimonense,6.0,11.0,1.7,3.6,5.0,1.93,1.93,1.8,1.95,1.0,1.2,1.0,1.2,1.2,0.17,1.0,1.22,40.0,40.0,60.0,20.0,20.0,40.0,60.0,80.0,0.8,2.8,0.67,2.5,2.17,0.25,0.67,1.82,83.33,16.67,16.67,16.67,33.33,50.0,50.0,100.0,1.67,0.98,2.65
hfVLdifJ,PORTUGAL - LIGA PORTUGAL 2,2023-12-17,12:30,RODADA 14,Benfica B,Tondela,14.0,7.0,2.38,3.4,2.88,1.98,1.88,1.73,2.0,1.6,1.8,1.5,1.5,1.5,0.18,1.67,0.9,66.67,33.33,33.33,50.0,16.67,50.0,66.67,100.0,1.6,1.8,1.6,1.8,1.6,0.16,1.6,0.84,100.0,40.0,0.0,40.0,20.0,60.0,80.0,100.0,1.7,1.7,3.4
pAPkUEBt,ALEMANHA - 3. LIGA,2023-12-17,12:30,RODADA 19,Bielefeld,Munich 1860,13.0,15.0,2.15,3.4,3.0,1.73,2.08,1.62,2.2,2.4,0.8,2.12,1.12,1.5,0.1,1.62,0.73,100.0,62.5,0.0,37.5,37.5,62.5,62.5,100.0,1.4,1.2,1.25,1.5,1.5,0.08,1.25,1.19,75.0,25.0,25.0,37.5,37.5,62.5,37.5,100.0,1.7,1.06,2.76
EqUjrJak,GRÉCIA - SUPERLIGA,2023-12-17,12:30,RODADA 14,Asteras T.,PAOK,6.0,3.0,6.0,4.2,1.57,2.1,1.7,2.1,1.67,1.2,2.2,1.17,1.83,1.33,0.15,1.17,1.26,66.67,50.0,33.33,33.33,16.67,66.67,33.33,100.0,2.25,1.5,,,2.25,0.37,1.75,0.86,75.0,50.0,25.0,50.0,50.0,75.0,75.0,100.0,1.34,2.22,3.56
hIowIx2h,PAÍSES BAIXOS - EREDIVISIE,2023-12-17,12:45,RODADA 16,Ajax,Zwolle,5.0,11.0,1.25,6.5,9.0,1.33,3.4,1.7,2.05,3.2,1.0,3.0,0.83,2.17,0.06,2.5,0.49,83.33,66.67,16.67,83.33,50.0,83.33,66.67,100.0,2.4,2.0,2.17,2.0,3.17,0.11,1.5,1.1,66.67,33.33,33.33,50.0,16.67,100.0,66.67,100.0,2.53,1.55,4.08
UHZfnpHF,FRANÇA - LIGUE 1,2023-12-17,13:05,RODADA 16,Marseille,Clermont,6.0,18.0,1.44,4.75,6.5,1.73,2.08,1.95,1.8,1.6,0.2,1.67,0.17,0.67,0.2,2.33,0.44,66.67,50.0,33.33,66.67,50.0,50.0,16.67,66.67,0.8,2.0,1.0,2.0,1.0,0.17,0.83,1.4,83.33,66.67,16.67,16.67,16.67,66.67,50.0,83.33,1.79,0.4,2.19
QFwnii8c,ALEMANHA - BUNDESLIGA,2023-12-17,13:30,RODADA 15,Leverkusen,Frankfurt,1.0,7.0,1.33,5.5,8.0,1.5,2.63,1.8,1.95,3.0,0.8,3.33,0.83,2.5,0.08,2.67,0.31,100.0,50.0,0.0,83.33,66.67,83.33,66.67,100.0,2.0,1.0,1.83,1.17,1.5,0.18,1.5,0.82,83.33,33.33,16.67,33.33,33.33,66.67,83.33,100.0,1.73,1.26,2.99
23yKQyEi,INGLATERRA - PREMIER LEAGUE,2023-12-17,13:30,RODADA 17,Liverpool,Manchester Utd,1.0,6.0,1.3,6.0,8.0,1.33,3.4,1.62,2.2,3.0,1.0,3.0,0.83,1.83,0.07,3.0,0.0,83.33,66.67,16.67,100.0,50.0,83.33,50.0,100.0,1.0,1.2,0.83,1.17,1.17,0.07,1.5,1.1,50.0,33.33,50.0,50.0,16.67,33.33,33.33,100.0,1.9,1.0,2.9
6F8035AO,ITÁLIA - SERIE A,2023-12-17,14:00,RODADA 16,Bologna,AS Roma,5.0,4.0,2.38,3.0,3.25,2.5,1.5,2.05,1.7,1.0,0.8,1.33,0.67,1.0,0.38,2.17,0.61,66.67,33.33,33.33,66.67,33.33,50.0,33.33,83.33,1.4,1.6,1.5,1.5,1.67,0.25,1.33,1.02,66.67,50.0,33.33,33.33,16.67,66.67,83.33,83.33,1.26,1.06,2.32
pbeBs8zf,ESPANHA - LALIGA,2023-12-17,14:30,RODADA 17,Las Palmas,Cádiz,8.0,17.0,1.91,3.3,4.33,2.4,1.53,2.1,1.67,1.2,0.8,1.33,0.67,1.67,0.13,2.17,0.61,33.33,0.0,66.67,66.67,33.33,33.33,50.0,100.0,0.2,1.8,0.57,1.86,1.43,0.14,0.29,1.71,57.14,28.57,42.86,0.0,42.86,28.57,42.86,100.0,1.47,0.4,1.87
WAo8QMB1,ESPANHA - LALIGA2,2023-12-17,14:30,RODADA 20,Amorebieta,Zaragoza,21.0,12.0,3.6,3.0,2.25,2.7,1.44,2.2,1.62,1.2,0.6,0.75,0.62,0.5,0.45,1.12,1.11,62.5,25.0,37.5,25.0,25.0,12.5,25.0,75.0,0.6,1.2,1.0,1.0,1.38,0.19,1.38,1.02,37.5,12.5,62.5,37.5,37.5,25.0,37.5,100.0,1.2,0.6,1.8
Aearj7hg,BÉLGICA - LIGA JUPILER,2023-12-17,14:30,RODADA 18,Antwerp,Anderlecht,4.0,2.0,1.91,3.5,3.8,1.9,1.95,1.75,2.0,3.2,0.2,2.86,0.43,1.0,0.35,2.43,0.4,71.43,57.14,28.57,71.43,71.43,57.14,28.57,71.43,1.2,1.6,1.62,1.25,1.62,0.26,1.5,0.87,75.0,50.0,25.0,37.5,37.5,50.0,62.5,100.0,2.26,0.49,2.75
dtPl3KyF,GRÉCIA - SUPERLIGA,2023-12-17,14:30,RODADA 14,Lamia,Volos,7.0,11.0,1.91,3.6,4.0,2.1,1.7,1.95,1.8,1.8,1.6,1.8,1.6,1.4,0.24,1.6,0.84,100.0,40.0,0.0,40.0,40.0,80.0,80.0,100.0,0.6,1.6,0.6,1.6,1.2,0.11,0.6,0.91,80.0,20.0,20.0,0.0,20.0,20.0,60.0,100.0,1.7,0.98,2.68
jqSv6Uv1,PORTUGAL - LIGA PORTUGAL,2023-12-17,15:00,RODADA 14,Famalicao,Estoril,8.0,12.0,2.2,3.25,3.3,2.03,1.83,1.75,2.0,1.0,1.4,1.0,1.4,1.2,0.21,1.4,1.08,60.0,60.0,40.0,40.0,20.0,60.0,40.0,80.0,1.8,2.8,1.83,2.83,3.17,0.19,0.5,2.45,66.67,66.67,33.33,16.67,16.67,83.33,83.33,100.0,1.67,1.59,3.26
6cJ3LzXJ,PORTUGAL - LIGA PORTUGAL 2,2023-12-17,15:00,RODADA 14,Oliveirense,Mafra,11.0,8.0,3.2,3.5,2.15,1.93,1.93,1.73,2.0,1.8,1.6,1.67,1.83,2.33,0.09,1.33,1.02,66.67,33.33,33.33,33.33,33.33,83.33,83.33,83.33,0.8,1.4,1.0,1.67,1.33,0.25,0.33,1.55,66.67,33.33,33.33,0.0,0.0,50.0,66.67,83.33,1.59,1.13,2.72
vV3nkR7a,BÉLGICA - LIGA JUPILER,2023-12-17,15:15,RODADA 18,Genk,Kortrijk,5.0,16.0,1.22,6.5,10.0,1.4,2.88,1.91,1.91,1.8,0.8,1.86,1.14,1.71,0.21,1.43,0.79,71.43,42.86,28.57,28.57,42.86,57.14,57.14,85.71,0.2,2.4,0.29,2.29,1.0,0.39,0.29,1.71,85.71,42.86,14.29,0.0,0.0,42.86,28.57,100.0,2.08,0.4,2.48
8tz3UT0p,ALEMANHA - BUNDESLIGA,2023-12-17,15:30,RODADA 15,Bayern,Stuttgart,2.0,3.0,1.45,5.25,5.5,1.33,3.4,1.5,2.5,3.8,1.0,3.8,1.0,2.4,0.04,2.6,0.34,100.0,100.0,0.0,80.0,80.0,100.0,60.0,100.0,1.8,1.8,1.8,1.8,2.6,0.11,1.8,0.91,60.0,20.0,40.0,60.0,60.0,80.0,60.0,100.0,2.62,1.34,3.96
rV4JNUfO,ALEMANHA - 3. LIGA,2023-12-17,15:30,RODADA 19,Viktoria Koln,Freiburg II,14.0,20.0,1.67,3.75,4.5,1.7,2.1,1.73,2.0,1.6,1.6,1.38,1.5,1.88,0.17,1.5,0.87,50.0,37.5,50.0,37.5,12.5,50.0,62.5,87.5,1.0,1.6,1.0,1.62,0.75,0.35,0.75,1.85,100.0,37.5,0.0,25.0,25.0,37.5,37.5,100.0,1.6,1.26,2.86
8KrfswFe,GRÉCIA - SUPERLIGA,2023-12-17,15:30,RODADA 14,Atromitos,Panathinaikos,10.0,1.0,8.0,4.2,1.45,2.0,1.85,2.1,1.67,0.75,0.75,,,1.0,0.0,1.0,0.0,50.0,0.0,50.0,0.0,25.0,0.0,75.0,75.0,2.2,0.6,2.0,0.5,1.33,0.14,2.5,0.49,66.67,33.33,33.33,83.33,50.0,50.0,16.67,100.0,0.67,1.28,1.95
W8psHdHb,PAÍSES BAIXOS - EREDIVISIE,2023-12-17,16:00,RODADA 16,Alkmaar,PSV,3.0,1.0,4.33,3.75,1.8,1.73,2.08,1.67,2.1,2.8,0.4,3.14,0.43,2.29,0.24,2.71,0.28,100.0,28.57,0.0,85.71,100.0,71.43,42.86,100.0,3.8,0.4,3.83,0.33,3.17,0.07,3.0,0.0,66.67,33.33,33.33,100.0,50.0,100.0,33.33,100.0,1.06,1.23,2.29
rPFVurfq,FRANÇA - LIGUE 1,2023-12-17,16:45,RODADA 16,Lille,PSG,4.0,1.0,3.8,4.0,1.83,1.67,2.15,1.62,2.2,1.4,0.6,1.33,0.5,0.67,0.49,2.17,0.61,83.33,33.33,16.67,66.67,66.67,16.67,33.33,100.0,2.4,0.8,2.67,0.83,1.67,0.16,2.67,0.31,83.33,50.0,16.67,83.33,83.33,66.67,66.67,100.0,1.06,1.2,2.26
v3wFMSAn,ITÁLIA - SERIE A,2023-12-17,16:45,RODADA 16,Lazio,Inter,10.0,1.0,4.75,3.8,1.73,2.06,1.84,1.95,1.8,1.2,0.8,1.17,0.67,0.67,0.39,1.83,0.72,66.67,33.33,33.33,50.0,33.33,16.67,33.33,83.33,1.8,0.4,2.0,0.33,1.33,0.23,2.67,0.31,66.67,33.33,33.33,83.33,50.0,50.0,33.33,100.0,0.69,1.2,1.89
nNFzlAcQ,ESPANHA - LALIGA,2023-12-17,17:00,RODADA 17,Real Madrid,Villarreal,2.0,14.0,1.25,6.0,9.5,1.36,3.1,1.75,2.0,2.6,0.4,2.5,0.5,2.0,0.2,2.67,0.31,83.33,16.67,16.67,83.33,50.0,66.67,50.0,83.33,0.8,1.0,0.83,1.33,1.0,0.19,1.0,1.1,50.0,50.0,50.0,16.67,0.0,33.33,66.67,83.33,1.61,0.57,2.18
bHwflQ38,ESPANHA - LALIGA2,2023-12-17,17:00,RODADA 20,Ferrol,Tenerife,6.0,7.0,2.4,3.0,3.3,2.88,1.4,2.25,1.57,1.2,1.0,1.62,1.12,2.0,0.28,2.0,0.53,62.5,12.5,37.5,50.0,25.0,25.0,62.5,100.0,1.0,1.4,1.12,1.12,1.38,0.15,1.25,1.19,62.5,25.0,37.5,37.5,25.0,37.5,37.5,100.0,1.3,1.0,2.3
IVTW7jAl,PORTUGAL - LIGA PORTUGAL,2023-12-17,17:30,RODADA 14,Braga,Benfica,4.0,3.0,3.0,3.3,2.3,1.67,2.15,1.53,2.38,2.6,1.2,2.6,1.2,2.6,0.31,2.0,0.71,100.0,20.0,0.0,60.0,20.0,80.0,100.0,100.0,2.0,1.0,1.67,0.83,1.67,0.24,2.17,0.61,50.0,33.33,50.0,66.67,50.0,50.0,50.0,83.33,1.61,1.55,3.16
rHHkLFLE,MÉXICO - LIGA MX,2023-12-17,22:30,APERTURA ,Club America,Tigres,,,1.91,3.2,4.5,2.4,1.53,2.1,1.67,2.0,1.8,2.4,1.1,1.9,0.17,2.0,0.67,70.0,50.0,30.0,60.0,60.0,70.0,50.0,100.0,2.2,1.2,1.56,1.11,1.44,0.29,1.56,0.92,77.78,44.44,22.22,44.44,33.33,44.44,44.44,100.0,1.55,1.99,3.54
hKxBl76Q,AUSTRÁLIA - A-LEAGUE,2023-12-18,05:00,RODADA 8,Macarthur FC,Wellington Phoenix,3.0,5.0,2.3,3.5,3.0,1.65,2.2,1.53,2.38,2.0,1.33,,,2.0,,2.33,0.49,33.33,33.33,66.67,66.67,0.0,33.33,66.67,100.0,1.0,0.5,,,0.5,,2.0,0.71,50.0,50.0,50.0,50.0,0.0,0.0,50.0,100.0,1.0,1.15,2.15
lGLt5t72,GRÉCIA - SUPERLIGA,2023-12-18,12:00,RODADA 14,Panetolikos,AEK,12.0,2.0,9.5,5.5,1.3,1.65,2.2,2.1,1.67,1.0,1.2,1.0,1.2,1.2,0.29,1.4,1.08,80.0,20.0,20.0,40.0,40.0,40.0,0.0,80.0,1.8,1.2,1.8,1.2,1.6,0.08,2.0,0.71,80.0,40.0,20.0,60.0,40.0,60.0,60.0,100.0,1.1,1.47,2.57
2JPp40M8,GRÉCIA - SUPERLIGA,2023-12-18,13:00,RODADA 14,Panserraikos,Olympiacos,9.0,4.0,9.0,4.75,1.36,1.75,2.05,2.05,1.7,1.67,0.67,,,1.33,,2.33,0.49,66.67,33.33,33.33,66.67,33.33,33.33,66.67,100.0,2.0,0.75,,,1.25,0.09,2.0,0.58,75.0,75.0,25.0,50.0,25.0,50.0,50.0,100.0,1.12,1.16,2.28
x8xbmpJE,ESPANHA - LALIGA2,2023-12-18,16:30,RODADA 20,Villarreal B,Valladolid,18.0,2.0,3.6,3.2,2.15,2.05,1.8,1.8,1.91,1.8,1.2,1.38,1.38,1.5,0.21,1.62,0.93,75.0,25.0,25.0,50.0,50.0,75.0,50.0,87.5,1.0,1.0,0.88,1.12,0.88,0.38,1.5,1.07,75.0,25.0,25.0,50.0,25.0,25.0,25.0,100.0,1.34,1.1,2.44
SO9d4oeI,ITÁLIA - SERIE A,2023-12-18,16:45,RODADA 16,Atalanta,Salernitana,8.0,20.0,1.3,5.5,10.0,1.57,2.35,1.95,1.8,2.2,0.8,1.83,0.67,1.5,0.34,2.17,0.61,66.67,33.33,33.33,66.67,33.33,50.0,33.33,83.33,0.8,2.2,0.67,2.17,1.0,0.1,0.33,1.55,100.0,66.67,0.0,0.0,16.67,66.67,33.33,100.0,2.2,0.8,3.0
hObJun56,ESPANHA - LALIGA,2023-12-18,17:00,RODADA 17,Girona,Alavés,1.0,13.0,1.55,4.0,6.0,1.73,2.08,1.8,1.95,3.0,1.2,2.57,1.0,2.0,0.04,2.71,0.28,42.86,28.57,57.14,85.71,42.86,57.14,57.14,100.0,0.4,1.2,0.43,1.14,1.0,0.16,0.43,1.25,57.14,0.0,42.86,0.0,14.29,14.29,42.86,85.71,1.9,0.69,2.59
ChTz7APf,PORTUGAL - LIGA PORTUGAL,2023-12-18,17:15,RODADA 14,Sporting CP,FC Porto,1.0,2.0,2.15,3.3,3.3,2.0,1.85,1.8,1.95,2.6,1.0,2.67,1.0,2.33,0.06,3.0,0.0,83.33,50.0,16.67,100.0,66.67,83.33,66.67,100.0,1.4,0.8,1.67,0.67,1.5,0.21,2.5,0.49,50.0,33.33,50.0,83.33,33.33,66.67,50.0,100.0,1.44,1.18,2.62
IJR2yC0q,ALEMANHA - 2. BUNDESLIGA,2024-01-19,14:30,RODADA 18,Karlsruher,Osnabruck,14.0,18.0,,,,,,,,2.4,0.8,2.0,1.29,1.71,0.15,1.71,0.73,100.0,42.86,0.0,42.86,57.14,71.43,57.14,100.0,1.0,2.8,0.83,3.0,2.67,0.11,0.33,1.55,66.67,50.0,33.33,0.0,0.0,66.67,66.67,100.0,2.59,0.89,3.48
WMV6zWFk,ALEMANHA - 2. BUNDESLIGA,2024-01-19,14:30,RODADA 18,Kiel,Braunschweig,2.0,17.0,,,,,,,,2.2,2.2,2.29,2.0,2.71,0.12,1.86,0.79,85.71,57.14,14.29,57.14,42.86,85.71,100.0,100.0,0.8,2.2,0.71,2.14,1.14,0.29,0.43,2.65,100.0,71.43,0.0,14.29,0.0,71.43,42.86,100.0,2.2,1.33,3.53
4WPGTGuK,TURQUIA - SUPER LIG,2023-12-19,11:00,RODADA 17,Basaksehir,Sivasspor,14.0,12.0,2.07,3.4,3.65,2.07,1.8,1.82,1.91,1.4,1.4,1.17,1.33,0.83,0.47,1.17,1.26,83.33,50.0,16.67,33.33,33.33,33.33,33.33,100.0,1.6,1.4,1.29,1.86,1.57,0.22,1.43,1.06,100.0,57.14,0.0,42.86,42.86,57.14,57.14,100.0,1.4,1.5,2.9
hdMCUdQD,TURQUIA - SUPER LIG,2023-12-19,14:00,RODADA 17,Gaziantep,Adana Demirspor,,,2.8,3.7,2.37,1.65,2.3,1.53,2.4,1.4,1.2,1.17,1.5,2.0,0.19,1.5,1.1,50.0,16.67,50.0,50.0,16.67,50.0,33.33,100.0,0.8,1.8,1.17,2.0,1.83,0.32,0.5,1.1,83.33,33.33,16.67,0.0,16.67,50.0,83.33,100.0,1.59,0.98,2.57
rRvM7ZI0,TURQUIA - SUPER LIG,2023-12-19,14:00,RODADA 17,Istanbulspor,Trabzonspor,20.0,4.0,5.0,4.15,1.65,1.72,2.2,1.72,2.05,1.0,1.2,1.0,1.57,1.57,0.06,1.0,1.41,57.14,28.57,42.86,28.57,14.29,42.86,57.14,100.0,1.6,2.0,2.29,1.86,2.57,0.18,1.43,1.06,85.71,28.57,14.29,42.86,42.86,71.43,71.43,100.0,1.41,1.39,2.8
8bex28MF,ALEMANHA - BUNDESLIGA,2023-12-19,14:30,RODADA 16,Bremen,RB Leipzig,12.0,4.0,4.33,4.5,1.6,1.4,3.0,1.5,2.5,1.2,2.0,1.71,1.86,2.0,0.1,1.43,1.06,100.0,42.86,0.0,42.86,42.86,85.71,42.86,100.0,1.8,1.6,2.0,1.33,2.0,0.1,2.0,0.77,50.0,50.0,50.0,66.67,16.67,66.67,50.0,100.0,1.39,1.9,3.29
QVVqd7km,ESPANHA - LALIGA,2023-12-19,15:00,RODADA 18,Rayo Vallecano,Valencia,10.0,11.0,2.2,3.4,3.1,2.15,1.67,1.91,1.91,1.2,2.2,1.0,1.86,1.29,0.22,1.0,1.0,85.71,57.14,14.29,14.29,28.57,42.86,57.14,85.71,1.2,2.0,0.88,2.0,2.0,0.16,0.62,1.7,62.5,25.0,37.5,12.5,12.5,62.5,62.5,100.0,1.55,1.62,3.17
AZNvRg2C,ESPANHA - LALIGA2,2023-12-19,15:00,RODADA 21,Albacete,Eldense,15.0,16.0,,,,,,,,1.4,1.4,1.33,1.11,1.56,0.06,1.67,0.79,66.67,11.11,33.33,44.44,22.22,33.33,55.56,100.0,1.2,1.8,1.22,1.44,1.33,0.21,1.33,0.99,77.78,44.44,22.22,33.33,22.22,33.33,55.56,100.0,1.59,1.3,2.89
YgpTsYut,ALEMANHA - 3. LIGA,2023-12-19,15:00,RODADA 20,Ingolstadt,Aue,7.0,8.0,1.9,3.65,3.75,1.78,2.02,1.65,2.1,2.6,0.8,2.29,1.29,2.14,0.08,2.0,0.65,85.71,42.86,14.29,57.14,28.57,85.71,71.43,100.0,1.0,1.2,1.12,1.62,1.75,0.12,1.0,0.93,50.0,37.5,50.0,12.5,12.5,62.5,75.0,87.5,1.77,0.89,2.66
K87LK1vp,ALEMANHA - 3. LIGA,2023-12-19,15:00,RODADA 20,RW Essen,Hallescher,6.0,16.0,1.91,3.65,3.7,1.72,2.07,1.62,2.15,1.2,0.4,1.33,1.22,1.44,0.28,1.89,0.72,77.78,22.22,22.22,55.56,44.44,55.56,55.56,88.89,1.6,2.6,1.57,2.57,1.71,0.31,0.86,1.71,100.0,71.43,0.0,28.57,14.29,100.0,85.71,100.0,1.77,0.8,2.57
2Zypvju5,ALEMANHA - 3. LIGA,2023-12-19,15:00,RODADA 20,Saarbrucken,Ulm,9.0,5.0,2.05,3.5,3.35,1.8,1.98,1.65,2.1,1.6,1.8,1.38,1.25,1.25,0.3,1.25,0.93,62.5,37.5,37.5,25.0,12.5,37.5,62.5,75.0,1.4,1.4,1.75,1.5,1.62,0.18,1.62,0.93,100.0,50.0,0.0,50.0,37.5,62.5,75.0,100.0,1.5,1.59,3.09
lrCPJLgj,ALEMANHA - 3. LIGA,2023-12-19,15:00,RODADA 20,Sandhausen,Lubeck,4.0,17.0,1.78,3.85,4.05,1.65,2.18,1.62,2.15,1.6,0.8,1.75,1.0,1.25,0.25,1.75,0.79,100.0,50.0,0.0,50.0,62.5,62.5,37.5,100.0,1.2,1.4,0.89,1.44,1.33,0.2,0.78,1.25,55.56,33.33,44.44,11.11,22.22,44.44,66.67,100.0,1.5,0.98,2.48
8CxtuWPb,ALEMANHA - 3. LIGA,2023-12-19,15:00,RODADA 20,Unterhaching,Regensburg,11.0,1.0,,,,,,,,1.2,1.0,1.43,0.71,1.14,0.19,1.71,0.73,57.14,28.57,42.86,42.86,28.57,57.14,42.86,57.14,1.8,0.8,1.57,0.57,1.71,0.22,2.71,0.28,28.57,14.29,71.43,85.71,14.29,42.86,42.86,85.71,0.98,1.34,2.32
QwMYsmVq,ALEMANHA - BUNDESLIGA,2023-12-19,16:30,RODADA 16,Dortmund,Mainz,5.0,17.0,1.45,4.75,5.75,1.44,2.75,1.57,2.25,1.8,1.0,1.57,1.57,1.86,0.12,1.86,0.79,57.14,57.14,42.86,57.14,14.29,57.14,42.86,100.0,0.6,1.4,0.71,1.86,1.29,0.39,0.57,0.94,71.43,42.86,28.57,0.0,14.29,57.14,57.14,71.43,1.59,0.77,2.36
EwmSwQZI,ESPANHA - LALIGA,2023-12-19,17:30,RODADA 18,Atl. Madrid,Getafe,3.0,9.0,1.33,4.75,8.0,1.91,1.99,2.25,1.57,2.4,0.8,2.43,1.0,1.71,0.09,3.0,0.0,85.71,57.14,14.29,100.0,57.14,85.71,85.71,100.0,1.6,2.4,1.29,2.29,1.71,0.2,0.43,1.25,100.0,42.86,0.0,0.0,28.57,71.43,71.43,100.0,2.4,1.13,3.53
thDccgN2,ALEMANHA - 2. BUNDESLIGA,2024-01-20,09:00,RODADA 18,Elversberg,Hannover,9.0,7.0,,,,,,,,2.0,1.0,1.57,1.14,1.43,0.35,1.43,1.06,71.43,57.14,28.57,42.86,28.57,57.14,57.14,100.0,1.2,1.4,1.29,1.29,1.43,0.1,1.29,0.97,71.43,42.86,28.57,28.57,57.14,57.14,71.43,85.71,1.67,1.1,2.77
hxKFY9p2,ALEMANHA - 2. BUNDESLIGA,2024-01-20,09:00,RODADA 18,Nurnberg,Rostock,10.0,16.0,,,,,,,,1.4,2.2,1.33,1.83,1.67,0.1,1.33,1.02,83.33,50.0,16.67,33.33,0.0,66.67,66.67,100.0,1.0,1.8,1.0,1.86,1.43,0.18,1.0,1.41,85.71,28.57,14.29,28.57,14.29,71.43,57.14,100.0,1.59,1.48,3.07
MmtXtYxM,ALEMANHA - 2. BUNDESLIGA,2024-01-20,09:00,RODADA 18,St. Pauli,Kaiserslautern,1.0,15.0,,,,,,,,2.6,0.6,2.14,0.71,1.57,0.25,1.86,0.58,57.14,57.14,42.86,42.86,28.57,57.14,57.14,57.14,1.2,2.8,1.33,2.67,1.83,0.11,0.33,1.55,100.0,66.67,0.0,0.0,33.33,83.33,83.33,100.0,2.7,0.85,3.55
2oQVrf89,ALEMANHA - 2. BUNDESLIGA,2024-01-20,16:30,RODADA 18,Schalke,Hamburger SV,13.0,4.0,,,,,,,,1.6,2.2,2.14,1.57,2.14,0.14,1.43,1.06,100.0,28.57,0.0,42.86,42.86,85.71,57.14,100.0,1.2,1.8,1.43,1.86,2.14,0.14,0.86,1.25,71.43,28.57,28.57,14.29,0.0,71.43,85.71,100.0,1.7,1.62,3.32
4ztI8F3f,TURQUIA - SUPER LIG,2023-12-20,11:00,RODADA 17,Kayserispor,Fenerbahce,3.0,1.0,6.4,4.75,1.47,1.52,2.65,1.65,2.15,1.6,0.4,1.29,0.29,1.14,0.22,2.14,0.5,42.86,0.0,57.14,57.14,28.57,14.29,28.57,71.43,1.6,0.2,1.5,0.17,0.83,0.29,2.67,0.31,50.0,33.33,50.0,83.33,33.33,16.67,16.67,83.33,0.57,0.8,1.37
zXNh2viL,GRÉCIA - SUPERLIGA,2023-12-20,12:00,RODADA 15,Aris,Lamia,5.0,7.0,1.45,4.0,7.0,1.93,1.93,2.0,1.75,2.0,1.0,1.83,1.0,1.67,0.08,2.17,0.61,83.33,33.33,16.67,66.67,50.0,50.0,50.0,100.0,0.6,2.2,0.5,2.5,2.0,0.17,0.33,1.55,50.0,50.0,50.0,0.0,0.0,66.67,33.33,100.0,2.1,0.77,2.87
neFLSzeQ,TURQUIA - SUPER LIG,2023-12-20,14:00,RODADA 17,Antalyaspor,Kasimpasa,7.0,9.0,1.72,4.05,4.45,1.7,2.22,1.65,2.15,1.0,0.8,1.29,1.0,1.14,0.26,1.71,0.73,57.14,42.86,42.86,42.86,28.57,28.57,57.14,85.71,1.4,1.8,1.67,1.83,1.83,0.24,1.33,1.02,66.67,50.0,33.33,33.33,16.67,66.67,66.67,83.33,1.34,1.06,2.4
02ZQ6gY6,TURQUIA - SUPER LIG,2023-12-20,14:00,RODADA 17,Galatasaray,Karagumruk,2.0,13.0,1.26,6.0,11.0,1.5,2.67,1.93,1.8,3.0,0.8,2.83,0.83,1.83,0.11,3.0,0.0,100.0,50.0,0.0,100.0,100.0,83.33,66.67,100.0,1.2,1.2,1.0,1.17,0.83,0.27,0.83,1.4,83.33,33.33,16.67,16.67,16.67,33.33,66.67,100.0,1.9,0.98,2.88
h8Ic1b6R,GRÉCIA - SUPERLIGA,2023-12-20,14:00,RODADA 15,Volos,Panathinaikos,11.0,1.0,9.0,5.0,1.36,1.75,2.05,2.1,1.67,1.4,1.8,1.5,2.0,2.17,0.11,0.83,1.4,66.67,50.0,33.33,16.67,16.67,83.33,83.33,100.0,2.2,0.6,2.0,0.5,1.33,0.14,2.5,0.49,66.67,33.33,33.33,83.33,50.0,50.0,16.67,100.0,0.92,1.99,2.91
823Cx9ui,BÉLGICA - LIGA JUPILER,2023-12-20,14:30,RODADA 19,Cercle Brugge,Kortrijk,7.0,16.0,,,,,,,,1.2,1.6,1.25,1.5,1.38,0.16,1.5,1.07,75.0,37.5,25.0,50.0,25.0,50.0,37.5,100.0,0.2,2.4,0.29,2.29,1.0,0.39,0.29,1.71,85.71,42.86,14.29,0.0,0.0,42.86,28.57,100.0,1.7,0.57,2.27
0KfmwAfB,ALEMANHA - 3. LIGA,2023-12-20,15:00,RODADA 20,Bielefeld,Dresden,13.0,2.0,,,,,,,,2.4,0.8,2.12,1.12,1.5,0.1,1.62,0.73,100.0,62.5,0.0,37.5,37.5,62.5,62.5,100.0,2.2,0.8,1.5,1.0,1.25,0.21,1.62,0.93,62.5,25.0,37.5,50.0,25.0,37.5,37.5,87.5,1.39,1.33,2.72
ObgyX49S,BÉLGICA - LIGA JUPILER,2023-12-20,16:45,RODADA 19,KV Mechelen,St. Liege,10.0,9.0,,,,,,,,1.2,0.8,0.88,0.88,1.12,0.21,1.25,1.19,37.5,25.0,62.5,37.5,12.5,25.0,12.5,87.5,1.2,1.4,1.0,2.12,1.38,0.06,0.75,1.38,87.5,50.0,12.5,12.5,25.0,50.0,62.5,100.0,1.3,0.98,2.28
plhGLB3a,ESCÓCIA - PREMIERSHIP,2023-12-20,16:45,RODADA 12,Aberdeen,Livingston,9.0,12.0,1.73,3.8,4.5,2.08,1.73,2.0,1.75,1.4,1.0,1.17,1.17,1.33,0.15,1.17,1.26,50.0,33.33,50.0,33.33,16.67,50.0,33.33,83.33,1.0,2.2,0.71,1.86,1.71,0.18,0.57,1.98,57.14,14.29,42.86,14.29,14.29,42.86,42.86,100.0,1.75,1.0,2.75
UyfSI9mI,ESCÓCIA - PREMIERSHIP,2023-12-20,16:45,RODADA 12,Rangers,St. Johnstone,2.0,11.0,1.13,9.0,17.0,1.53,2.4,2.75,1.4,2.8,0.4,2.29,0.43,1.14,0.32,2.57,0.44,100.0,28.57,0.0,85.71,71.43,57.14,28.57,100.0,0.2,1.2,0.17,1.0,0.83,0.0,0.5,1.1,33.33,0.0,66.67,0.0,0.0,0.0,16.67,66.67,1.83,0.28,2.11
I1WPkJN7,FRANÇA - LIGUE 1,2023-12-20,17:00,RODADA 17,Brest,Lorient,5.0,17.0,1.62,3.75,5.25,2.0,1.9,1.95,1.8,1.8,0.8,1.5,0.67,1.0,0.21,2.0,0.55,66.67,33.33,33.33,50.0,33.33,33.33,50.0,83.33,1.4,2.0,1.17,2.17,2.33,0.19,0.5,1.1,33.33,33.33,66.67,0.0,0.0,50.0,50.0,83.33,1.9,1.06,2.96
YDUDhLwk,FRANÇA - LIGUE 1,2023-12-20,17:00,RODADA 17,Clermont,Rennes,18.0,13.0,3.3,3.3,2.2,1.98,1.92,1.7,2.05,0.4,2.0,0.43,1.43,1.29,0.29,0.57,1.98,28.57,14.29,71.43,14.29,0.0,28.57,14.29,85.71,0.4,1.4,0.4,1.4,0.6,0.21,0.4,1.37,80.0,20.0,20.0,0.0,0.0,20.0,40.0,80.0,0.75,0.89,1.64
t4qORUtN,AUSTRÁLIA - A-LEAGUE,2023-12-21,05:45,RODADA 9,Brisbane Roar,Central Coast Mariners,4.0,9.0,2.0,3.75,3.2,1.6,2.3,1.57,2.25,2.0,1.5,,,2.5,,2.0,0.71,50.0,50.0,50.0,50.0,50.0,100.0,100.0,100.0,,,,,,,,,,,,,,,,,,,
MTetgzE7,GRÉCIA - SUPERLIGA,2023-12-21,10:00,RODADA 15,Giannina,Panetolikos,13.0,12.0,2.3,3.1,3.4,2.3,1.6,1.95,1.8,1.0,1.6,1.0,1.6,1.4,0.18,0.8,1.63,60.0,40.0,40.0,20.0,20.0,60.0,40.0,100.0,0.6,2.4,0.5,2.17,0.83,0.17,0.17,2.45,100.0,50.0,0.0,0.0,0.0,66.67,50.0,100.0,1.55,0.98,2.53
dU4eMYXg,TURQUIA - SUPER LIG,2023-12-21,11:00,RODADA 17,Rizespor,Pendikspor,8.0,19.0,1.93,3.75,3.75,1.75,2.12,1.65,2.15,1.2,0.6,1.17,0.5,0.33,0.33,2.33,0.44,66.67,33.33,33.33,66.67,33.33,16.67,33.33,83.33,1.0,2.0,1.29,2.0,2.0,0.15,1.14,1.18,71.43,42.86,28.57,28.57,28.57,57.14,71.43,100.0,1.55,0.77,2.32
vgYU5DmD,TURQUIA - SUPER LIG,2023-12-21,11:00,RODADA 17,Samsunspor,Konyaspor,17.0,16.0,2.07,3.7,3.35,1.93,1.91,1.78,1.98,1.4,1.4,1.5,1.33,1.83,0.19,1.67,0.9,66.67,33.33,33.33,50.0,16.67,66.67,66.67,83.33,1.2,1.8,1.17,1.5,1.5,0.25,1.0,1.1,50.0,50.0,50.0,16.67,0.0,50.0,83.33,100.0,1.59,1.3,2.89
2RaZBwdJ,ARÁBIA SAUDITA - LIGA PROFISSIONAL SAUDITA,2023-12-21,12:00,RODADA 18,Al-Khaleej,Al-Feiha,,,,,,,,,,1.4,1.8,1.43,1.43,1.29,0.18,1.29,0.97,85.71,71.43,14.29,28.57,28.57,57.14,85.71,85.71,1.6,1.4,1.71,1.57,1.29,0.15,1.71,0.73,100.0,57.14,0.0,42.86,42.86,57.14,85.71,100.0,1.4,1.7,3.1
vBc6EWHH,ARÁBIA SAUDITA - LIGA PROFISSIONAL SAUDITA,2023-12-21,12:00,RODADA 18,Damac,Al-Taee,6.0,,1.75,3.8,4.25,1.7,2.12,1.65,2.12,2.2,1.4,2.57,1.29,2.14,0.06,2.14,0.5,85.71,71.43,14.29,57.14,42.86,71.43,85.71,100.0,0.8,2.0,0.75,2.0,1.5,0.12,0.5,2.14,50.0,50.0,50.0,12.5,0.0,37.5,37.5,100.0,2.1,1.06,3.16
Iw6iNEIm,TURQUIA - SUPER LIG,2023-12-21,14:00,RODADA 17,Ankaragucu,Hatayspor,11.0,10.0,1.95,3.85,3.6,1.8,2.07,1.7,2.07,1.2,1.4,1.0,1.29,1.14,0.27,1.0,1.0,71.43,42.86,28.57,14.29,28.57,28.57,57.14,100.0,1.6,1.4,1.29,1.43,1.57,0.25,0.71,1.56,71.43,28.57,28.57,14.29,28.57,57.14,57.14,71.43,1.3,1.5,2.8
l41mOf3s,TURQUIA - SUPER LIG,2023-12-21,14:00,RODADA 17,Besiktas,Alanyaspor,5.0,18.0,1.5,4.5,6.1,1.7,2.2,1.82,1.93,1.4,1.0,1.5,0.83,1.33,0.19,2.17,0.61,66.67,33.33,33.33,66.67,50.0,33.33,50.0,100.0,0.4,0.6,0.33,1.17,1.33,0.35,0.83,1.4,16.67,0.0,83.33,16.67,0.0,16.67,16.67,83.33,0.92,0.63,1.55
AV5kIEIh,ARÁBIA SAUDITA - LIGA PROFISSIONAL SAUDITA,2023-12-21,15:00,RODADA 18,Al-Hilal,Abha,1.0,16.0,1.11,7.8,25.0,1.31,3.25,2.12,1.65,1.8,0.4,2.5,0.38,1.62,0.35,2.75,0.26,75.0,50.0,25.0,87.5,62.5,37.5,37.5,100.0,0.8,3.2,0.86,2.71,2.14,0.3,0.14,2.65,71.43,57.14,28.57,0.0,0.0,71.43,57.14,100.0,2.4,0.57,2.97
Cb2nDCv0,PORTUGAL - LIGA PORTUGAL 2,2023-12-21,15:00,RODADA 15,Torreense,Vilaverdense,6.0,18.0,,,,,,,,1.6,0.6,1.6,0.6,1.2,0.53,1.8,0.61,60.0,40.0,40.0,40.0,60.0,60.0,40.0,60.0,0.2,2.0,0.5,1.67,1.5,0.16,0.67,1.82,66.67,0.0,33.33,16.67,16.67,16.67,16.67,100.0,1.79,0.35,2.14
fJ5OZ6P9,BÉLGICA - LIGA JUPILER,2023-12-21,16:45,RODADA 19,Gent,Leuven,3.0,15.0,,,,,,,,1.8,1.2,2.0,1.0,1.25,0.14,2.0,0.53,87.5,62.5,12.5,50.0,37.5,62.5,87.5,100.0,1.2,3.4,1.12,2.75,1.75,0.29,0.5,2.14,100.0,62.5,0.0,12.5,12.5,75.0,87.5,100.0,2.47,1.2,3.67
4AtrLXsT,INGLATERRA - PREMIER LEAGUE,2023-12-21,17:00,RODADA 18,Crystal Palace,Brighton,15.0,8.0,3.3,3.4,2.15,1.93,1.97,1.7,2.05,0.6,1.2,0.86,1.43,1.86,0.21,0.71,1.56,28.57,14.29,71.43,14.29,0.0,42.86,42.86,71.43,2.4,1.4,2.33,1.67,2.17,0.19,1.67,0.9,100.0,50.0,0.0,50.0,50.0,83.33,100.0,100.0,0.92,1.7,2.62
KfrSQldT,AUSTRÁLIA - A-LEAGUE,2023-12-22,05:45,RODADA 9,Adelaide United,Newcastle Jets,6.0,8.0,1.7,4.2,4.0,1.44,2.7,1.5,2.5,1.33,2.33,,,2.0,,1.0,1.73,66.67,33.33,33.33,33.33,33.33,66.67,33.33,100.0,1.75,1.25,,,1.5,0.24,1.75,0.86,100.0,50.0,0.0,50.0,50.0,75.0,50.0,100.0,1.29,2.02,3.31
lM4gHYXb,ARÁBIA SAUDITA - LIGA PROFISSIONAL SAUDITA,2023-12-22,12:00,RODADA 18,Al Nassr Riyadh,Al-Ettifaq,2.0,8.0,,,,,,,,2.6,1.4,2.43,1.29,1.86,0.17,2.29,0.55,100.0,42.86,0.0,71.43,71.43,71.43,57.14,100.0,1.6,1.2,1.0,0.88,1.12,0.33,1.38,1.02,50.0,25.0,50.0,37.5,12.5,25.0,25.0,75.0,1.77,1.5,3.27
E3CtKzlt,ARÁBIA SAUDITA - LIGA PROFISSIONAL SAUDITA,2023-12-22,12:00,RODADA 18,Al-Akhdoud,Al-Shabab,,11.0,,,,,,,,0.6,1.4,0.75,1.38,1.25,0.11,1.12,1.38,50.0,25.0,50.0,37.5,12.5,50.0,37.5,100.0,0.6,2.0,0.88,1.75,1.62,0.21,0.75,1.38,62.5,25.0,37.5,12.5,0.0,62.5,62.5,87.5,1.1,0.92,2.02
Ie9cGhm5,ARÁBIA SAUDITA - LIGA PROFISSIONAL SAUDITA,2023-12-22,12:00,RODADA 18,Al-Hazem,Al-Ahli,,3.0,9.0,5.1,1.31,1.47,2.55,1.78,1.93,1.4,3.0,1.29,3.14,2.14,0.31,1.0,1.41,100.0,71.43,0.0,28.57,42.86,57.14,57.14,100.0,2.6,2.0,2.14,2.14,1.86,0.12,1.43,1.06,100.0,85.71,0.0,42.86,57.14,85.71,71.43,100.0,1.67,2.79,4.46
ImZ8Us9N,ITÁLIA - SERIE A,2023-12-22,14:30,RODADA 17,Empoli,Lazio,18.0,10.0,3.5,3.3,2.0,2.06,1.84,1.8,1.95,1.0,1.4,0.71,1.29,1.14,0.26,0.71,1.56,42.86,14.29,57.14,14.29,14.29,14.29,28.57,85.71,1.2,1.6,1.14,1.43,1.29,0.13,1.0,1.41,85.71,42.86,14.29,28.57,57.14,57.14,71.43,100.0,1.26,1.3,2.56
8SdUPAu3,PORTUGAL - LIGA PORTUGAL 2,2023-12-22,15:45,RODADA 18,Leiria,Ferreira,9.0,10.0,,,,,,,,1.6,1.4,1.6,1.4,1.4,0.28,1.6,0.84,80.0,20.0,20.0,40.0,60.0,60.0,60.0,80.0,0.4,1.4,0.4,1.4,0.8,0.24,0.2,2.24,60.0,20.0,40.0,0.0,0.0,40.0,40.0,80.0,1.5,0.75,2.25
fTOxpREs,AUSTRÁLIA - A-LEAGUE,2023-12-23,01:30,RODADA 9,Wellington Phoenix,WS Wanderers,5.0,2.0,2.63,3.4,2.45,1.62,2.25,1.53,2.38,2.0,1.67,,,2.0,,2.0,0.87,66.67,66.67,33.33,66.67,33.33,66.67,33.33,100.0,2.0,2.0,,,2.0,,1.0,0.0,100.0,100.0,0.0,0.0,0.0,100.0,100.0,100.0,2.0,1.83,3.83
QyLfM84p,AUSTRÁLIA - A-LEAGUE,2023-12-23,03:30,RODADA 9,Sydney FC,Western United,10.0,11.0,1.62,4.5,4.0,1.53,2.4,1.57,2.25,1.0,2.0,,,2.0,,1.0,1.73,66.67,33.33,33.33,33.33,33.33,33.33,33.33,100.0,0.67,2.0,,,1.67,,1.0,1.73,33.33,33.33,66.67,33.33,0.0,66.67,33.33,100.0,1.41,1.16,2.57
vuPbLSJj,AUSTRÁLIA - A-LEAGUE,2023-12-23,05:45,RODADA 9,Melbourne City,Melbourne Victory,7.0,1.0,2.15,3.5,2.8,1.62,2.25,1.53,2.38,2.5,1.5,,,3.5,,2.0,0.71,50.0,0.0,50.0,50.0,50.0,50.0,50.0,100.0,2.67,1.67,,,3.0,,2.33,0.49,66.67,66.67,33.33,66.67,33.33,66.67,66.67,100.0,2.04,2.0,4.04
hrDtpCdi,AUSTRÁLIA - A-LEAGUE,2023-12-23,08:30,RODADA 9,Perth Glory,Macarthur FC,12.0,3.0,2.45,3.4,2.55,1.62,2.25,1.53,2.38,1.5,1.0,,,1.5,,1.5,1.41,50.0,50.0,50.0,50.0,0.0,50.0,50.0,100.0,2.5,1.5,,,3.5,,2.0,0.71,50.0,0.0,50.0,50.0,50.0,50.0,50.0,100.0,1.5,1.58,3.08
AVV4a9cA,ITÁLIA - SERIE B,2023-12-23,10:00,RODADA 18,Cittadella,Spezia,6.0,16.0,,,,,,,,1.4,1.2,1.5,1.12,1.0,0.2,2.12,0.59,87.5,50.0,12.5,62.5,62.5,62.5,50.0,87.5,1.2,2.2,1.0,1.88,1.75,0.25,0.75,1.38,62.5,37.5,37.5,12.5,37.5,75.0,50.0,87.5,1.75,1.2,2.95
M5Z8bTCG,ITÁLIA - SERIE B,2023-12-23,10:00,RODADA 18,Como,Palermo,3.0,8.0,,,,,,,,1.6,0.8,1.57,1.14,1.86,0.08,2.29,0.55,71.43,14.29,28.57,71.43,57.14,71.43,71.43,100.0,1.6,1.0,1.43,0.86,1.43,0.26,1.71,0.73,57.14,28.57,42.86,42.86,28.57,28.57,42.86,85.71,1.26,1.13,2.39
GSYCcmSM,ITÁLIA - SERIE B,2023-12-23,10:00,RODADA 18,Cremonese,Modena,5.0,7.0,,,,,,,,0.8,0.6,1.12,0.75,1.12,0.29,1.5,0.87,50.0,25.0,50.0,37.5,37.5,37.5,37.5,87.5,0.8,0.6,1.0,0.86,1.14,0.16,1.43,0.79,42.86,28.57,57.14,28.57,0.0,28.57,71.43,85.71,0.69,0.69,1.38
fJXGd7sT,ITÁLIA - SERIE B,2023-12-23,10:00,RODADA 18,Parma,Ternana,1.0,18.0,,,,,,,,1.6,0.6,1.62,0.75,1.5,0.29,2.0,0.53,75.0,12.5,25.0,50.0,50.0,25.0,50.0,87.5,1.2,2.0,1.5,1.83,2.0,0.07,0.83,1.4,66.67,50.0,33.33,16.67,0.0,83.33,83.33,100.0,1.79,0.85,2.64
tA6ZElcc,ITÁLIA - SERIE B,2023-12-23,10:00,RODADA 18,Venezia,Lecco,2.0,17.0,,,,,,,,1.6,1.0,2.0,1.14,1.71,0.43,2.29,0.55,71.43,57.14,28.57,71.43,42.86,71.43,71.43,100.0,0.4,0.8,0.5,1.25,0.88,0.22,0.75,1.38,75.0,12.5,25.0,12.5,25.0,37.5,37.5,75.0,1.13,0.63,1.76
K6O0JxMM,ITÁLIA - SERIE B,2023-12-23,11:00,RODADA 18,Catanzaro,Brescia,4.0,10.0,,,,,,,,1.6,1.4,1.57,1.29,1.43,0.13,1.86,0.79,71.43,57.14,28.57,57.14,14.29,57.14,42.86,100.0,1.0,0.4,1.0,0.86,0.86,0.18,1.29,0.97,57.14,28.57,42.86,28.57,14.29,14.29,42.86,85.71,0.8,1.18,1.98
dn81FC2B,ARÁBIA SAUDITA - LIGA PROFISSIONAL SAUDITA,2023-12-23,12:00,RODADA 18,Al-Taawon,Al-Fateh,4.0,7.0,,,,,,,,1.6,1.0,2.14,0.86,1.14,0.33,2.0,0.65,85.71,71.43,14.29,57.14,71.43,71.43,71.43,85.71,2.0,1.2,1.71,1.29,1.14,0.12,1.86,0.79,85.71,71.43,14.29,57.14,57.14,71.43,85.71,100.0,1.39,1.41,2.8
0tbSyqBf,ESCÓCIA - PREMIERSHIP,2023-12-23,12:00,RODADA 19,Celtic,Livingston,1.0,12.0,1.13,8.0,21.0,1.4,2.88,2.38,1.53,3.4,0.6,3.29,0.86,2.57,0.11,2.71,0.28,71.43,71.43,28.57,85.71,57.14,85.71,71.43,100.0,1.0,2.2,0.71,1.86,1.71,0.18,0.57,1.98,57.14,14.29,42.86,14.29,14.29,42.86,42.86,100.0,2.73,0.77,3.5
vXdWz3Q0,ESCÓCIA - PREMIERSHIP,2023-12-23,12:00,RODADA 19,Dundee FC,Aberdeen,7.0,9.0,2.6,3.4,2.6,2.0,1.8,1.8,1.95,1.6,0.8,1.29,1.43,1.71,0.17,1.29,0.97,71.43,28.57,28.57,28.57,14.29,57.14,42.86,85.71,0.4,2.4,0.86,2.29,2.0,0.15,0.71,1.56,85.71,28.57,14.29,14.29,28.57,42.86,28.57,85.71,1.96,0.57,2.53
MenyzNu7,ESCÓCIA - PREMIERSHIP,2023-12-23,12:00,RODADA 19,Hearts,St. Mirren,6.0,3.0,1.91,3.5,4.0,2.3,1.6,2.05,1.7,1.0,1.4,0.86,1.14,1.14,0.24,1.14,1.18,71.43,14.29,28.57,28.57,28.57,28.57,28.57,85.71,0.8,1.6,0.75,1.62,1.5,0.1,0.88,1.55,50.0,37.5,50.0,25.0,12.5,37.5,37.5,100.0,1.26,1.06,2.32
0E9VSinE,PORTUGAL - LIGA PORTUGAL,2023-12-23,12:30,RODADA 15,Vitória SC,Rio Ave,5.0,15.0,1.7,3.7,5.2,2.07,1.8,1.98,1.78,1.8,1.4,2.0,1.5,2.33,0.15,2.0,0.77,66.67,50.0,33.33,66.67,16.67,83.33,83.33,100.0,1.0,1.6,1.0,1.6,1.8,0.07,0.6,0.91,60.0,20.0,40.0,0.0,40.0,40.0,80.0,100.0,1.7,1.18,2.88
SrdMI7O6,PORTUGAL - LIGA PORTUGAL,2023-12-23,12:30,RODADA 15,Vizela,Moreirense,17.0,6.0,2.55,3.25,2.85,2.18,1.72,1.85,1.9,0.8,1.8,0.83,1.5,1.17,0.29,0.83,1.4,66.67,50.0,33.33,16.67,0.0,50.0,50.0,83.33,0.8,1.0,1.33,0.83,1.5,0.14,1.83,0.72,50.0,16.67,50.0,50.0,33.33,50.0,33.33,83.33,0.89,1.2,2.09
S6GpJf3n,ARÁBIA SAUDITA - LIGA PROFISSIONAL SAUDITA,2023-12-23,15:00,RODADA 18,Al Wehda,Al-Riyadh,9.0,,,,,,,,,2.8,1.4,2.25,1.38,2.0,0.18,2.0,0.71,87.5,62.5,12.5,62.5,50.0,75.0,62.5,100.0,1.4,3.0,1.14,3.14,2.14,0.18,0.57,1.98,100.0,85.71,0.0,14.29,14.29,100.0,71.43,100.0,2.9,1.4,4.3
WYBpqWBc,AUSTRÁLIA - A-LEAGUE,2023-12-28,05:45,RODADA 10,Melbourne City,Brisbane Roar,7.0,4.0,,,,,,,,2.5,1.5,,,3.5,,2.0,0.71,50.0,0.0,50.0,50.0,50.0,50.0,50.0,100.0,1.75,2.0,,,2.25,0.31,1.5,1.15,50.0,50.0,50.0,50.0,25.0,75.0,75.0,100.0,2.24,1.62,3.86
xhEsqoUm,AUSTRÁLIA - A-LEAGUE,2023-12-29,05:45,RODADA 10,Sydney FC,Wellington Phoenix,10.0,5.0,,,,,,,,1.0,2.0,,,2.0,,1.0,1.73,66.67,33.33,33.33,33.33,33.33,33.33,33.33,100.0,1.0,0.5,,,0.5,,2.0,0.71,50.0,50.0,50.0,50.0,0.0,0.0,50.0,100.0,0.71,1.41,2.12
GtYXERqf,SUÉCIA - ALLSVENSKAN,2024-03-30,15:00,RODADA 1,Elfsborg,Värnamo,10.0,5.0,1.45,4.75,7.0,,,,,1.8,0.8,2.0,0.7,1.4,0.15,2.1,0.57,70.0,50.0,30.0,60.0,40.0,50.0,30.0,100.0,2.2,1.0,1.7,1.4,1.6,0.06,1.6,0.94,80.0,50.0,20.0,50.0,50.0,70.0,60.0,100.0,1.34,1.33,2.67
zXPPGmFs,SUÉCIA - ALLSVENSKAN,2024-03-30,15:00,RODADA 1,Göteborg,Djurgarden,7.0,9.0,2.8,3.6,2.45,,,,,1.4,0.8,1.2,0.9,1.3,0.09,1.5,0.9,60.0,10.0,40.0,40.0,30.0,30.0,50.0,90.0,0.6,1.4,0.9,1.5,1.7,0.15,0.8,1.54,50.0,20.0,50.0,20.0,20.0,50.0,50.0,80.0,1.4,0.69,2.09
lfWuD5E6,SUÉCIA - ALLSVENSKAN,2024-03-30,15:00,RODADA 1,Hacken,Mjallby,1.0,3.0,1.37,5.0,8.5,,,,,3.4,1.4,3.3,1.3,2.5,0.09,2.7,0.35,100.0,70.0,0.0,90.0,70.0,90.0,80.0,100.0,0.6,1.4,0.8,1.2,1.1,0.17,1.4,1.02,60.0,30.0,40.0,40.0,20.0,30.0,30.0,90.0,2.18,0.92,3.1
b72dYFpF,SUÉCIA - ALLSVENSKAN,2024-03-30,15:00,RODADA 1,Hammarby,Kalmar,12.0,8.0,1.65,4.0,5.5,,,,,1.6,1.4,1.7,1.3,1.9,0.12,2.0,0.67,70.0,40.0,30.0,60.0,50.0,60.0,60.0,90.0,1.4,1.0,1.5,1.5,1.1,0.08,1.6,0.94,80.0,70.0,20.0,50.0,40.0,70.0,50.0,90.0,1.26,1.4,2.66
IeFUF7Um,SUÉCIA - ALLSVENSKAN,2024-03-30,15:00,RODADA 1,Norrkoping,Malmö FF,16.0,14.0,3.75,3.9,1.95,,,,,1.0,1.2,1.7,1.2,1.9,0.09,1.8,0.86,50.0,40.0,50.0,60.0,30.0,60.0,50.0,100.0,1.6,1.2,1.3,1.0,1.0,0.52,1.9,0.76,80.0,40.0,20.0,60.0,40.0,50.0,40.0,90.0,1.1,1.39,2.49
6VQpCPTC,SUÉCIA - ALLSVENSKAN,2024-03-30,15:00,RODADA 1,Sirius,Halmstad,2.0,13.0,2.0,3.75,3.6,,,,,1.6,2.8,2.3,1.6,1.7,0.11,1.5,1.05,90.0,70.0,10.0,50.0,30.0,80.0,60.0,100.0,0.6,0.6,1.2,1.3,1.4,0.45,1.3,0.96,60.0,30.0,40.0,30.0,10.0,50.0,60.0,80.0,0.98,1.3,2.28
